sku,product_name,category,supplier,base_price,weight_kg,application_number,data_source,is_real_data,length_cm,width_cm,height_cm,volume_cm3
FDA06945,CARBOPLATIN (CARBOPLATIN),pharmaceuticals,"Hospira, Inc.",489.81,0.29764859626475826,ANDA076517,FDA Orange Book,True,,,,
FDA01975,PIOGLITAZONE HYDROCHLORIDE (PIOGLITAZONE HYDROCHLORIDE),pharmaceuticals,"Chartwell RX, LLC",427.09,0.48416189161629275,ANDA076798,FDA Orange Book,True,,,,
FDA48621,LEFLUNOMIDE (LEFLUNOMIDE),pharmaceuticals,Apotex Corp.,363.76,0.4273845785837362,ANDA077090,FDA Orange Book,True,,,,
FDA37958,Unknown (Unknown),pharmaceuticals,Unknown Pharma,197.09,0.18192316448875342,ANDA076246,FDA Orange Book,True,,,,
FDA64681,CYCLOGYL (CYCLOPENTOLATE HYDROCHLORIDE),pharmaceuticals,"Alcon Laboratories, Inc.",159.77,0.1029155621704272,ANDA084109,FDA Orange Book,True,,,,
FDA37958,Unknown (Unknown),pharmaceuticals,Unknown Pharma,309.12,0.2443300901118913,ANDA084614,FDA Orange Book,True,,,,
FDA37958,Unknown (Unknown),pharmaceuticals,Unknown Pharma,356.27,0.11911285208193849,NDA018168,FDA Orange Book,True,,,,
FDA37958,Unknown (Unknown),pharmaceuticals,Unknown Pharma,300.62,0.09447242020453489,ANDA085562,FDA Orange Book,True,,,,
FDA37958,Unknown (Unknown),pharmaceuticals,Unknown Pharma,362.42,0.16022064635513777,ANDA077988,FDA Orange Book,True,,,,
FDA37958,Unknown (Unknown),pharmaceuticals,Unknown Pharma,470.68,0.3940070102207385,ANDA077392,FDA Orange Book,True,,,,
FDA37958,Unknown (Unknown),pharmaceuticals,Unknown Pharma,227.98,0.37698769197902643,ANDA077693,FDA Orange Book,True,,,,
FDA37958,Unknown (Unknown),pharmaceuticals,Unknown Pharma,389.96,0.07376619811299447,ANDA078581,FDA Orange Book,True,,,,
FDA37958,Unknown (Unknown),pharmaceuticals,Unknown Pharma,394.02,0.29671042513208584,ANDA078288,FDA Orange Book,True,,,,
FDA15624,EFAVIRENZ (EFAVIRENZ),pharmaceuticals,"Camber Pharmaceuticals, Inc.",117.77,0.3843768715449162,ANDA078886,FDA Orange Book,True,,,,
FDA76061,IBUPROFEN (IBUPROFEN),pharmaceuticals,"Winco Foods, LLC",327.9,0.22932604151577946,ANDA079205,FDA Orange Book,True,,,,
FDA37958,Unknown (Unknown),pharmaceuticals,Unknown Pharma,119.77,0.2756202396000761,ANDA080514,FDA Orange Book,True,,,,
FDA37958,Unknown (Unknown),pharmaceuticals,Unknown Pharma,189.44,0.16591927711636414,ANDA081128,FDA Orange Book,True,,,,
FDA37958,Unknown (Unknown),pharmaceuticals,Unknown Pharma,69.52,0.24850595277652013,ANDA083486,FDA Orange Book,True,,,,
FDA37958,Unknown (Unknown),pharmaceuticals,Unknown Pharma,276.62,0.4975214767835616,BLA018263,FDA Orange Book,True,,,,
FDA37958,Unknown (Unknown),pharmaceuticals,Unknown Pharma,64.48,0.30183883194335615,ANDA086505,FDA Orange Book,True,,,,
FDA37958,Unknown (Unknown),pharmaceuticals,Unknown Pharma,251.39,0.06875680849982183,ANDA087144,FDA Orange Book,True,,,,
FDA37958,Unknown (Unknown),pharmaceuticals,Unknown Pharma,195.59,0.060905494738759454,ANDA087568,FDA Orange Book,True,,,,
FDA93772,DILTIAZEM HYDROCHLORIDE (DILTIAZEM HYDROCHLORIDE),pharmaceuticals,"Sun Pharmaceutical Industries, Inc.",369.74,0.1153482566024617,ANDA090492,FDA Orange Book,True,,,,
FDA37958,Unknown (Unknown),pharmaceuticals,Unknown Pharma,128.74,0.2822204605602938,ANDA090825,FDA Orange Book,True,,,,
FDA57072,ESZOPICLONE (ESZOPICLONE),pharmaceuticals,"Teva Pharmaceuticals USA, Inc.",482.42,0.23481380202215166,ANDA091169,FDA Orange Book,True,,,,
FDA06335,ATRACURIUM BESYLATE (ATRACURIUM BESYLATE),pharmaceuticals,Meitheal Pharmaceuticals Inc.,109.83,0.3597968453070227,ANDA091488,FDA Orange Book,True,,,,
FDA37958,Unknown (Unknown),pharmaceuticals,Unknown Pharma,473.34,0.03666698972968346,ANDA088606,FDA Orange Book,True,,,,
FDA37958,Unknown (Unknown),pharmaceuticals,Unknown Pharma,340.36,0.016629611898405037,ANDA087939,FDA Orange Book,True,,,,
FDA37958,Unknown (Unknown),pharmaceuticals,Unknown Pharma,481.18,0.44149779574547965,ANDA088273,FDA Orange Book,True,,,,
FDA37958,Unknown (Unknown),pharmaceuticals,Unknown Pharma,466.63,0.4187283899726712,ANDA088900,FDA Orange Book,True,,,,
FDA37958,Unknown (Unknown),pharmaceuticals,Unknown Pharma,99.19,0.03187287279337373,ANDA089282,FDA Orange Book,True,,,,
FDA37958,Unknown (Unknown),pharmaceuticals,Unknown Pharma,266.07,0.3750195652121289,ANDA089660,FDA Orange Book,True,,,,
FDA37958,Unknown (Unknown),pharmaceuticals,Unknown Pharma,304.74,0.3269569792596849,ANDA090169,FDA Orange Book,True,,,,
FDA74816,SIMPONI ARIA (GOLIMUMAB),pharmaceuticals,"Janssen Biotech, Inc.",123.94,0.08577432988269747,BLA125433,FDA Orange Book,True,,,,
FDA25902,CASPOFUNGIN ACETATE (CASPOFUNGIN ACETATE),pharmaceuticals,Sandoz Inc,468.12,0.24997857010558383,ANDA200833,FDA Orange Book,True,,,,
FDA37958,Unknown (Unknown),pharmaceuticals,Unknown Pharma,109.54,0.17565629374681901,ANDA201654,FDA Orange Book,True,,,,
FDA01798,ACYCLOVIR (ACYCLOVIR),pharmaceuticals,Modavar Pharmaceuticals LLC,380.1,0.21404656420887141,ANDA202168,FDA Orange Book,True,,,,
FDA37958,Unknown (Unknown),pharmaceuticals,Unknown Pharma,173.24,0.2901169255635165,ANDA202525,FDA Orange Book,True,,,,
FDA55242,METOPROLOL TARTRATE AND HYDROCHLOROTHIAZIDE (METOPROLOL TARTRATE AND HYDROCHLOROTHIAZIDE),pharmaceuticals,Alembic Pharmaceuticals Limited,57.16,0.1843344965677951,ANDA202870,FDA Orange Book,True,,,,
FDA23745,GABAPENTIN (GABAPENTIN),pharmaceuticals,"ACI Healthcare USA, Inc.",406.9,0.40183461437381013,ANDA203244,FDA Orange Book,True,,,,
FDA37958,Unknown (Unknown),pharmaceuticals,Unknown Pharma,267.21,0.11662322110881089,NDA019271,FDA Orange Book,True,,,,
FDA37958,Unknown (Unknown),pharmaceuticals,Unknown Pharma,429.26,0.340768961188874,NDA019356,FDA Orange Book,True,,,,
FDA37958,Unknown (Unknown),pharmaceuticals,Unknown Pharma,315.24,0.22058763672262433,ANDA204394,FDA Orange Book,True,,,,
FDA41360,MOVANTIK (NALOXEGOL OXALATE),pharmaceuticals,RedHill Biopharma Ltd,146.56,0.2832183038558521,NDA204760,FDA Orange Book,True,,,,
FDA37958,Unknown (Unknown),pharmaceuticals,Unknown Pharma,64.4,0.4872031303711831,NDA019493,FDA Orange Book,True,,,,
FDA10198,SOLIFENACIN SUCCINATE (SOLIFENACIN SUCCINATE),pharmaceuticals,Alembic Pharmaceuticals Limited,456.54,0.11623462323413691,ANDA205575,FDA Orange Book,True,,,,
FDA05895,ATORVASTATIN CALCIUM (ATORVASTATIN CALCIUM),pharmaceuticals,Micro Labs Limited,464.41,0.24616120280575657,ANDA205945,FDA Orange Book,True,,,,
FDA71225,THEOPHYLLINE (THEOPHYLLINE),pharmaceuticals,"PAI Holdings, LLC dba PAI Pharma",376.15,0.09835516899381842,ANDA206344,FDA Orange Book,True,,,,
FDA51582,ASPIRIN-DIPYRIDAMOLE (ASPIRIN-DIPYRIDAMOLE),pharmaceuticals,Zydus Lifesciences Limited,107.09,0.28172300084412044,ANDA206753,FDA Orange Book,True,,,,
FDA25169,CEFAZOLIN (CEFAZOLIN SODIUM),pharmaceuticals,Baxter Healthcare Corporation,65.78,0.45165090189172175,NDA207131,FDA Orange Book,True,,,,
FDA52357,AUROVELA 1/20 (NORETHINDRONE ACETATE AND ETHINYL ESTRADIOL),pharmaceuticals,Aurobindo Pharma Limited,410.27,0.351015338231638,ANDA207506,FDA Orange Book,True,,,,
FDA93079,OLUMIANT (BARICITINIB),pharmaceuticals,Eli Lilly and Company,182.16,0.4865142742317384,NDA207924,FDA Orange Book,True,,,,
FDA33872,AMANTADINE HYDROCHLORIDE (AMANTADINE HYDROCHLORIDE),pharmaceuticals,Zydus Lifesciences Limited,70.09,0.3654064268032559,ANDA208278,FDA Orange Book,True,,,,
FDA69887,DOXAZOSIN (DOXAZOSIN MESYLATE),pharmaceuticals,"Upsher-Smith laboratories, LLC",53.5,0.32867269116526204,ANDA209013,FDA Orange Book,True,,,,
FDA27872,SELENIOUS ACID (SELENIOUS ACID),pharmaceuticals,"American Regent, Inc.",345.91,0.3367666027531159,NDA209379,FDA Orange Book,True,,,,
FDA02051,OLMESARTAN MEDOXOMIL (OLMESARTAN MEDOXOMIL),pharmaceuticals,"Rising Pharma Holdings, Inc.",376.75,0.3517883808165457,ANDA208659,FDA Orange Book,True,,,,
FDA90526,CLOBAZAM (CLOBAZAM),pharmaceuticals,Amneal Pharmaceuticals NY LLC,367.79,0.43428269175637707,ANDA209718,FDA Orange Book,True,,,,
FDA23447,AMBRISENTAN (AMBRISENTAN),pharmaceuticals,Zydus Lifesciences Limited,158.83,0.36852192549182977,ANDA210058,FDA Orange Book,True,,,,
FDA37958,Unknown (Unknown),pharmaceuticals,Unknown Pharma,91.21,0.18656380414388632,ANDA210396,FDA Orange Book,True,,,,
FDA87359,CONCENTRATED IBUPROFEN INFANTS (IBUPROFEN),pharmaceuticals,"Wal-Mart Stores, Inc.",422.31,0.09742952467470327,ANDA210755,FDA Orange Book,True,,,,
FDA81368,TERIPARATIDE (TERIPARATIDE),pharmaceuticals,Apotex Corp.,345.34,0.1973620007727499,ANDA211097,FDA Orange Book,True,,,,
FDA02146,METHYLERGONOVINE MALEATE (METHYLERGONOVINE MALEATE),pharmaceuticals,"Teva Pharmaceuticals USA, Inc.",145.11,0.12567520650928635,ANDA211455,FDA Orange Book,True,,,,
FDA68464,TIZANIDINE (TIZANIDINE),pharmaceuticals,"Ascend Laboratories, LLC",169.18,0.21668517306729396,ANDA211798,FDA Orange Book,True,,,,
FDA18192,METHENAMINE HIPPURATE (METHENAMINE HIPPURATE),pharmaceuticals,Micro Labs Limited,419.19,0.2769592931838616,ANDA212172,FDA Orange Book,True,,,,
FDA09696,DRIZALMA SPRINKLE (DULOXETINE),pharmaceuticals,"SUN PHARMACEUTICAL INDUSTRIES, INC.",108.95,0.3285070356698109,NDA212516,FDA Orange Book,True,,,,
FDA81106,AMPHETAMINE SULFATE (AMPHETAMINE SULFATE),pharmaceuticals,"Lannett Company, Inc.",400.22,0.2649226013377964,ANDA212901,FDA Orange Book,True,,,,
FDA37958,Unknown (Unknown),pharmaceuticals,Unknown Pharma,332.0,0.1520207937310578,NDA020388,FDA Orange Book,True,,,,
FDA37958,Unknown (Unknown),pharmaceuticals,Unknown Pharma,333.05,0.12593488691191937,NDA020417,FDA Orange Book,True,,,,
FDA37958,Unknown (Unknown),pharmaceuticals,Unknown Pharma,174.08,0.29258596216234095,ANDA214112,FDA Orange Book,True,,,,
FDA07597,PHYTONADIONE (PHYTONADIONE),pharmaceuticals,Cipla USA Inc.,337.99,0.017615382580752972,ANDA214966,FDA Orange Book,True,,,,
FDA54586,SAPROPTERIN DIHYDROCHLORIDE (SAPROPTERIN DIHYDROCHLORIDE),pharmaceuticals,"Camber Pharmaceuticals, Inc.",481.73,0.4949220006514988,ANDA215420,FDA Orange Book,True,,,,
FDA18475,MOUNJARO (TIRZEPATIDE),pharmaceuticals,Eli Lilly and Company,461.37,0.33837803449169185,NDA215866,FDA Orange Book,True,,,,
FDA78844,FLUPHENAZINE HYDROCHLORIDE (FLUPHENAZINE HYDROCHLORIDE),pharmaceuticals,Dr. Reddys Laboratories Inc.,394.65,0.019776933322590808,ANDA214534,FDA Orange Book,True,,,,
FDA77964,LACOSAMIDE (LACOSAMIDE),pharmaceuticals,XLCare Pharmaceuticals Inc.,271.74,0.1537609133531913,ANDA216335,FDA Orange Book,True,,,,
FDA45626,CHLORPROMAZINE HYDROCHLORIDE (CHLORPROMAZINE HYDROCHLORIDE),pharmaceuticals,Aurobindo Pharma Limited,90.47,0.23382666451171844,ANDA216788,FDA Orange Book,True,,,,
FDA02814,GUANFACINE (GUANFACINE),pharmaceuticals,Alembic Pharmaceuticals Limited,204.89,0.05260725617993847,ANDA217269,FDA Orange Book,True,,,,
FDA34268,JOENJA (LENIOLISIB),pharmaceuticals,Pharming Healthcare Inc.,211.22,0.10110318498589456,NDA217759,FDA Orange Book,True,,,,
FDA02670,ZEVTERA (CEFTOBIPROLE MEDOCARIL SODIUM),pharmaceuticals,La Jolla Pharmaceutical Company,266.36,0.0630922457632205,NDA218275,FDA Orange Book,True,,,,
FDA72733,PRUCALOPRIDE (PRUCALOPRIDE),pharmaceuticals,Apotex Corp.,497.58,0.08290501210076871,ANDA218977,FDA Orange Book,True,,,,
FDA59217,AIMOVIG (ERENUMAB-AOOE),pharmaceuticals,Amgen Inc,466.55,0.054698564991743394,BLA761077,FDA Orange Book,True,,,,
FDA26092,LOPREEZA (ESTRADIOL/NORETHINDRONE ACETATE),pharmaceuticals,Amneal Pharmaceuticals NY LLC,441.72,0.1033782122192344,NDA020907,FDA Orange Book,True,,,,
FDA11312,TAMIFLU (OSELTAMIVIR PHOSPHATE),pharmaceuticals,"Genentech, Inc.",398.62,0.4339678466332856,NDA021246,FDA Orange Book,True,,,,
FDA34917,SODIUM CHLORIDE (SODIUM CHLORIDE),pharmaceuticals,Liebel-Flarsheim Company LLC,479.87,0.45891424019708166,NDA021569,FDA Orange Book,True,,,,
FDA37958,Unknown (Unknown),pharmaceuticals,Unknown Pharma,183.52,0.21038156005321088,NDA021956,FDA Orange Book,True,,,,
FDA64620,EPIDUO (ADAPALENE AND BENZOYL PEROXIDE),pharmaceuticals,"Galderma Laboratories, L.P.",232.18,0.48312093055766664,NDA022320,FDA Orange Book,True,,,,
FDA37958,Unknown (Unknown),pharmaceuticals,Unknown Pharma,421.18,0.3590502789332802,NDA011444,FDA Orange Book,True,,,,
FDA37958,Unknown (Unknown),pharmaceuticals,Unknown Pharma,342.66,0.37680333952224626,ANDA040116,FDA Orange Book,True,,,,
FDA37958,Unknown (Unknown),pharmaceuticals,Unknown Pharma,373.22,0.37407176945173887,NDA011641,FDA Orange Book,True,,,,
FDA37958,Unknown (Unknown),pharmaceuticals,Unknown Pharma,332.64,0.21852479613313824,NDA050322,FDA Orange Book,True,,,,
FDA59728,AUGMENTIN ES-600 (AMOXICILLIN AND CLAVULANATE POTASSIUM),pharmaceuticals,"USAntibiotics, LLC",490.41,0.3223488457968085,NDA050755,FDA Orange Book,True,,,,
FDA37958,Unknown (Unknown),pharmaceuticals,Unknown Pharma,344.82,0.4484579473856262,ANDA061533,FDA Orange Book,True,,,,
FDA37958,Unknown (Unknown),pharmaceuticals,Unknown Pharma,315.23,0.07065510165632512,ANDA062354,FDA Orange Book,True,,,,
FDA37958,Unknown (Unknown),pharmaceuticals,Unknown Pharma,308.34,0.039803472992596886,ANDA062736,FDA Orange Book,True,,,,
FDA37958,Unknown (Unknown),pharmaceuticals,Unknown Pharma,121.1,0.1623176936296394,ANDA063295,FDA Orange Book,True,,,,
FDA25169,CEFAZOLIN (CEFAZOLIN),pharmaceuticals,Hikma Pharmaceuticals USA Inc.,157.61,0.28513369960675905,ANDA065143,FDA Orange Book,True,,,,
FDA37958,Unknown (Unknown),pharmaceuticals,Unknown Pharma,146.39,0.1895495695150586,ANDA065405,FDA Orange Book,True,,,,
FDA37958,Unknown (Unknown),pharmaceuticals,Unknown Pharma,127.19,0.2249302388839643,ANDA070183,FDA Orange Book,True,,,,
FDA37958,Unknown (Unknown),pharmaceuticals,Unknown Pharma,255.21,0.2708146153547737,ANDA070514,FDA Orange Book,True,,,,
FDA37958,Unknown (Unknown),pharmaceuticals,Unknown Pharma,172.72,0.32450626936892424,ANDA070816,FDA Orange Book,True,,,,
FDA37958,Unknown (Unknown),pharmaceuticals,Unknown Pharma,402.05,0.2663004975066899,ANDA071151,FDA Orange Book,True,,,,
B43433693,Shimadzu Microscope Model Standard 3959,lab_equipment,Shimadzu,5611.22,8.688,,Amazon Product Data,True,42.5,21.7,13.0,11998.3
B15411078,Shimadzu Spectrophotometer Model Standard 138,instruments,Shimadzu,23848.85,37.662,,Amazon Product Data,True,79.0,69.4,39.3,215341.0
B20436126,Waters Balance Model Pro 7928,lab_equipment,Waters,1106.98,18.126,,Amazon Product Data,True,51.2,42.3,35.1,76054.7
B22007196,PerkinElmer Balance Model Elite 363,lab_equipment,PerkinElmer,5125.59,8.582,,Amazon Product Data,True,38.8,36.8,14.7,20950.2
B93911057,Waters Incubator Model Advanced 2725,lab_equipment,Waters,13018.17,83.65,,Amazon Product Data,True,90.6,40.2,48.2,175723.0
B74969857,Agilent Spectrophotometer Model Elite 3044,instruments,Agilent,42910.58,17.024,,Amazon Product Data,True,81.3,72.4,23.6,138887.4
B81838237,Waters Incubator Model Elite 3719,lab_equipment,Waters,5713.95,112.047,,Amazon Product Data,True,85.0,58.9,44.1,220889.0
B38953077,Bio-Rad Balance Model Pro 3769,lab_equipment,Bio-Rad,1509.49,11.327,,Amazon Product Data,True,58.4,44.4,47.2,122321.0
B25420779,PerkinElmer Pipette Model Advanced 3710,lab_equipment,PerkinElmer,495.65,0.104,,Amazon Product Data,True,24.2,8.4,11.8,2386.3
B18520965,Eppendorf PCR Machine Model Standard 3642,instruments,Eppendorf,59705.89,35.674,,Amazon Product Data,True,49.3,66.6,40.7,133695.4
B63248877,Bio-Rad Centrifuge Model Advanced 4170,lab_equipment,Bio-Rad,5395.17,69.935,,Amazon Product Data,True,64.1,77.6,47.8,237713.8
B19821131,Eppendorf pH Meter Model Standard 5591,instruments,Eppendorf,479.31,1.372,,Amazon Product Data,True,42.9,36.2,19.8,30777.1
B14163214,Bio-Rad Centrifuge Model Elite 6684,lab_equipment,Bio-Rad,5535.77,63.572,,Amazon Product Data,True,57.4,59.5,59.0,201389.8
B80321722,Eppendorf PCR Machine Model Advanced 5506,instruments,Eppendorf,54565.61,34.682,,Amazon Product Data,True,82.6,42.1,45.7,159270.6
B85612882,Agilent Balance Model Elite 102,lab_equipment,Agilent,3029.82,15.716,,Amazon Product Data,True,86.6,32.5,56.8,160072.9
B62318995,Thermo Fisher pH Meter Model Standard 9956,instruments,Thermo Fisher,1244.37,1.53,,Amazon Product Data,True,25.4,24.7,28.6,17957.2
B62450428,Waters pH Meter Model Elite 2660,instruments,Waters,787.63,1.776,,Amazon Product Data,True,38.1,29.8,13.7,15490.2
B57231874,Waters Microscope Model Advanced 9847,lab_equipment,Waters,11128.83,10.162,,Amazon Product Data,True,93.4,73.0,48.3,329113.6
B56623385,PerkinElmer pH Meter Model Standard 5294,instruments,PerkinElmer,1101.86,1.429,,Amazon Product Data,True,44.5,18.1,26.1,21055.7
B33855769,Bio-Rad Centrifuge Model Advanced 6927,lab_equipment,Bio-Rad,15035.22,61.02,,Amazon Product Data,True,67.4,42.6,44.8,128916.6
B14964462,Bio-Rad PCR Machine Model Standard 8877,instruments,Bio-Rad,39292.65,43.954,,Amazon Product Data,True,47.8,63.7,46.1,140480.0
B87372547,Waters pH Meter Model Elite 6869,instruments,Waters,1902.26,0.611,,Amazon Product Data,True,12.6,18.0,11.5,2618.0
B69874142,Waters Pipette Model Advanced 3437,lab_equipment,Waters,1242.8,0.27,,Amazon Product Data,True,15.2,17.2,9.3,2416.2
B71784983,Eppendorf Balance Model Pro 8883,lab_equipment,Eppendorf,6219.79,8.287,,Amazon Product Data,True,28.5,18.5,29.9,15705.2
B80533299,PerkinElmer Pipette Model Advanced 4023,lab_equipment,PerkinElmer,878.21,0.311,,Amazon Product Data,True,27.4,15.6,7.8,3336.9
B58398021,Shimadzu pH Meter Model Standard 4842,instruments,Shimadzu,428.3,1.583,,Amazon Product Data,True,47.2,31.1,25.1,36920.6
B44783905,Agilent Incubator Model Standard 7518,lab_equipment,Agilent,14052.17,50.442,,Amazon Product Data,True,40.6,57.1,27.6,63943.8
B46341205,Shimadzu Microscope Model Standard 7307,lab_equipment,Shimadzu,5706.34,8.467,,Amazon Product Data,True,41.2,35.0,25.3,36555.1
B66813219,Shimadzu Pipette Model Advanced 4810,lab_equipment,Shimadzu,265.81,0.154,,Amazon Product Data,True,19.0,15.8,7.5,2259.7
B89837914,Shimadzu pH Meter Model Elite 4546,instruments,Shimadzu,1255.55,1.506,,Amazon Product Data,True,21.8,29.9,19.2,12506.7
B65126528,Thermo Fisher Pipette Model Elite 4853,lab_equipment,Thermo Fisher,1015.92,0.164,,Amazon Product Data,True,20.3,16.7,11.1,3741.6
B74581696,Agilent Incubator Model Standard 4734,lab_equipment,Agilent,6592.92,52.672,,Amazon Product Data,True,80.7,78.7,32.4,205870.7
B75296783,Waters PCR Machine Model Advanced 3903,instruments,Waters,32547.32,49.69,,Amazon Product Data,True,42.6,74.3,36.2,114858.9
B24179586,Eppendorf Balance Model Standard 5534,lab_equipment,Eppendorf,1571.43,6.162,,Amazon Product Data,True,20.6,33.4,22.1,15159.5
B57734796,Bio-Rad Balance Model Standard 8560,lab_equipment,Bio-Rad,2376.38,16.011,,Amazon Product Data,True,90.2,59.1,34.5,183802.6
B61104239,Thermo Fisher pH Meter Model Elite 4091,instruments,Thermo Fisher,1267.43,0.696,,Amazon Product Data,True,16.2,5.4,8.5,745.1
B76318552,Agilent PCR Machine Model Pro 2904,instruments,Agilent,62217.95,59.968,,Amazon Product Data,True,56.8,30.3,30.3,52251.9
B92522119,Waters Centrifuge Model Advanced 8041,lab_equipment,Waters,17645.32,55.15,,Amazon Product Data,True,48.1,45.0,27.6,59684.2
B98397606,Bio-Rad PCR Machine Model Advanced 3249,instruments,Bio-Rad,36968.3,44.592,,Amazon Product Data,True,86.4,35.3,37.2,113414.8
B53126685,Agilent Balance Model Elite 631,lab_equipment,Agilent,7712.73,9.186,,Amazon Product Data,True,43.8,23.9,12.9,13535.9
B39032944,Bio-Rad Pipette Model Advanced 9313,lab_equipment,Bio-Rad,919.95,0.282,,Amazon Product Data,True,11.4,19.8,12.4,2799.2
B36475076,Waters PCR Machine Model Standard 1616,instruments,Waters,47374.5,55.406,,Amazon Product Data,True,71.1,40.4,47.9,137451.1
B78594377,PerkinElmer Microscope Model Elite 6252,lab_equipment,PerkinElmer,13740.09,9.374,,Amazon Product Data,True,29.6,27.9,11.1,9170.9
B79719120,Eppendorf PCR Machine Model Standard 6709,instruments,Eppendorf,62577.38,40.217,,Amazon Product Data,True,81.9,69.2,55.6,314964.4
B20189315,Waters Pipette Model Standard 8208,lab_equipment,Waters,742.08,0.328,,Amazon Product Data,True,24.0,7.6,11.9,2160.4
B47693655,Agilent Balance Model Elite 5643,lab_equipment,Agilent,5101.43,16.629,,Amazon Product Data,True,67.1,33.6,57.0,128375.7
B75820975,Bio-Rad Centrifuge Model Pro 1764,lab_equipment,Bio-Rad,9907.55,27.519,,Amazon Product Data,True,85.2,39.3,43.5,145964.7
B14344459,Eppendorf pH Meter Model Elite 7741,instruments,Eppendorf,1947.52,0.881,,Amazon Product Data,True,16.4,5.3,5.9,517.3
B72216968,Bio-Rad Balance Model Standard 3019,lab_equipment,Bio-Rad,2583.58,13.876,,Amazon Product Data,True,82.8,69.6,26.4,152305.1
B76185299,Shimadzu Balance Model Advanced 6742,lab_equipment,Shimadzu,7838.3,17.035,,Amazon Product Data,True,51.9,61.6,54.8,174978.1
B18053897,Eppendorf Spectrophotometer Model Elite 3346,instruments,Eppendorf,48828.91,43.763,,Amazon Product Data,True,61.4,41.2,32.9,83256.7
B15058670,Agilent Centrifuge Model Standard 3284,lab_equipment,Agilent,6703.0,49.465,,Amazon Product Data,True,80.3,50.3,47.8,193334.7
B76492917,Bio-Rad pH Meter Model Pro 8907,instruments,Bio-Rad,708.05,1.307,,Amazon Product Data,True,46.2,16.1,18.0,13324.2
B20924160,Agilent Pipette Model Advanced 8731,lab_equipment,Agilent,997.42,0.227,,Amazon Product Data,True,14.6,17.8,12.9,3341.2
B75725835,PerkinElmer Spectrophotometer Model Elite 9588,instruments,PerkinElmer,35135.84,32.328,,Amazon Product Data,True,99.0,33.8,38.9,129971.1
B79776995,Shimadzu Pipette Model Standard 1996,lab_equipment,Shimadzu,1275.37,0.145,,Amazon Product Data,True,13.1,14.8,12.5,2428.1
B40793610,Agilent Incubator Model Standard 3206,lab_equipment,Agilent,16344.26,85.91,,Amazon Product Data,True,68.5,75.7,34.3,177587.3
B35811424,Eppendorf Pipette Model Advanced 635,lab_equipment,Eppendorf,953.15,0.276,,Amazon Product Data,True,27.9,16.0,8.5,3803.0
B21497664,PerkinElmer Microscope Model Advanced 5483,lab_equipment,PerkinElmer,3494.74,8.469,,Amazon Product Data,True,39.5,21.0,28.9,23989.9
B52305076,Eppendorf PCR Machine Model Pro 7249,instruments,Eppendorf,53750.09,43.143,,Amazon Product Data,True,66.8,75.9,30.6,155278.8
B76624729,Eppendorf Incubator Model Elite 4495,lab_equipment,Eppendorf,9146.42,105.311,,Amazon Product Data,True,48.4,39.4,40.5,77280.3
B20054255,Bio-Rad pH Meter Model Standard 5659,instruments,Bio-Rad,1899.53,1.154,,Amazon Product Data,True,21.6,25.0,22.2,11999.9
B31241525,Shimadzu Centrifuge Model Advanced 8707,lab_equipment,Shimadzu,6713.52,41.032,,Amazon Product Data,True,99.5,64.4,44.7,286341.4
B41905257,Eppendorf Balance Model Advanced 5344,lab_equipment,Eppendorf,7028.87,22.58,,Amazon Product Data,True,62.1,61.2,41.6,158007.1
B19056156,Waters Spectrophotometer Model Elite 2466,instruments,Waters,35609.14,33.577,,Amazon Product Data,True,78.3,76.3,25.5,151949.3
B55988660,Bio-Rad pH Meter Model Standard 5940,instruments,Bio-Rad,517.24,1.684,,Amazon Product Data,True,39.6,18.8,19.9,14845.6
B94747952,Eppendorf Incubator Model Standard 7738,lab_equipment,Eppendorf,5921.94,83.454,,Amazon Product Data,True,47.8,69.5,50.1,166508.5
B66207526,Waters Balance Model Pro 8450,lab_equipment,Waters,2822.45,9.772,,Amazon Product Data,True,30.2,21.9,12.9,8566.5
B29197351,Shimadzu Spectrophotometer Model Pro 1477,instruments,Shimadzu,45222.64,35.638,,Amazon Product Data,True,52.9,75.0,49.3,195696.8
B34644735,PerkinElmer Centrifuge Model Elite 6540,lab_equipment,PerkinElmer,9956.3,39.099,,Amazon Product Data,True,97.3,53.5,31.3,163115.5
B78878470,Eppendorf pH Meter Model Standard 4977,instruments,Eppendorf,484.4,1.621,,Amazon Product Data,True,31.1,34.8,14.1,15263.6
B92033896,Shimadzu PCR Machine Model Standard 4402,instruments,Shimadzu,17235.06,31.658,,Amazon Product Data,True,79.2,60.8,59.1,284187.1
B54230254,Waters pH Meter Model Pro 9699,instruments,Waters,1053.02,1.793,,Amazon Product Data,True,37.2,24.7,17.4,15971.1
B65657393,Agilent Spectrophotometer Model Advanced 3587,instruments,Agilent,10140.86,25.976,,Amazon Product Data,True,50.8,32.6,38.3,63422.1
B55692448,Shimadzu Microscope Model Advanced 3556,lab_equipment,Shimadzu,1727.44,11.744,,Amazon Product Data,True,43.6,44.3,43.4,83882.8
B37808458,Thermo Fisher Incubator Model Advanced 7143,lab_equipment,Thermo Fisher,9179.9,42.483,,Amazon Product Data,True,90.3,79.9,47.9,345310.5
B80996883,Shimadzu Pipette Model Pro 7081,lab_equipment,Shimadzu,1480.58,0.32,,Amazon Product Data,True,25.5,19.0,7.8,3770.6
B99375190,PerkinElmer PCR Machine Model Pro 957,instruments,PerkinElmer,26895.95,30.726,,Amazon Product Data,True,80.7,59.0,49.9,237842.0
B57588914,Bio-Rad Incubator Model Advanced 4760,lab_equipment,Bio-Rad,7558.55,33.078,,Amazon Product Data,True,56.7,34.0,39.0,75218.3
B34357999,Thermo Fisher pH Meter Model Standard 2239,instruments,Thermo Fisher,1366.66,0.579,,Amazon Product Data,True,29.0,17.6,12.1,6169.4
B99551449,PerkinElmer Centrifuge Model Pro 4090,lab_equipment,PerkinElmer,21682.74,31.053,,Amazon Product Data,True,73.6,48.2,52.7,187174.7
B39319518,PerkinElmer Incubator Model Pro 8373,lab_equipment,PerkinElmer,19890.75,98.243,,Amazon Product Data,True,79.1,48.6,31.9,122400.4
B83266516,Thermo Fisher Spectrophotometer Model Elite 7115,instruments,Thermo Fisher,15587.43,17.936,,Amazon Product Data,True,77.9,73.5,22.1,126721.2
B44964139,PerkinElmer Pipette Model Pro 3868,lab_equipment,PerkinElmer,413.49,0.441,,Amazon Product Data,True,15.1,18.3,5.9,1642.1
B52822553,PerkinElmer Microscope Model Advanced 3936,lab_equipment,PerkinElmer,3423.55,10.578,,Amazon Product Data,True,58.5,40.0,24.5,57314.3
B55079102,Shimadzu PCR Machine Model Pro 2536,instruments,Shimadzu,24917.19,57.3,,Amazon Product Data,True,99.1,66.3,49.3,324242.2
B26468198,Thermo Fisher Microscope Model Advanced 9312,lab_equipment,Thermo Fisher,3101.65,5.727,,Amazon Product Data,True,37.6,20.7,23.1,17960.7
B50464617,Shimadzu Pipette Model Elite 7230,lab_equipment,Shimadzu,586.52,0.107,,Amazon Product Data,True,29.2,7.9,10.2,2345.8
B19877733,Waters Microscope Model Elite 6952,lab_equipment,Waters,14368.68,7.309,,Amazon Product Data,True,28.8,26.0,24.5,18377.8
B17291705,Bio-Rad PCR Machine Model Pro 2699,instruments,Bio-Rad,39076.7,59.767,,Amazon Product Data,True,94.3,70.7,28.1,187623.2
B70282674,Waters Incubator Model Standard 300,lab_equipment,Waters,15320.81,36.207,,Amazon Product Data,True,80.6,43.4,24.0,84083.1
B23829370,PerkinElmer Balance Model Elite 112,lab_equipment,PerkinElmer,1091.17,20.737,,Amazon Product Data,True,87.4,71.4,24.4,152484.1
B58674775,Bio-Rad PCR Machine Model Pro 9445,instruments,Bio-Rad,38339.39,53.518,,Amazon Product Data,True,80.2,71.2,39.3,224174.5
B19850812,Agilent Spectrophotometer Model Pro 5352,instruments,Agilent,23770.36,16.395,,Amazon Product Data,True,92.2,46.8,43.4,187119.3
B39510249,Eppendorf PCR Machine Model Advanced 1600,instruments,Eppendorf,71816.6,45.709,,Amazon Product Data,True,98.9,31.8,53.5,167978.8
B70033308,Bio-Rad Spectrophotometer Model Advanced 7193,instruments,Bio-Rad,42030.22,15.414,,Amazon Product Data,True,60.3,36.8,29.1,64575.5
B11484052,Eppendorf Microscope Model Advanced 9569,lab_equipment,Eppendorf,9262.23,5.476,,Amazon Product Data,True,39.7,19.0,25.3,19111.9
B19153759,Bio-Rad Spectrophotometer Model Advanced 2615,instruments,Bio-Rad,48210.06,39.452,,Amazon Product Data,True,41.3,45.9,35.2,66775.2
B71131973,Eppendorf Microscope Model Advanced 9837,lab_equipment,Eppendorf,5233.14,5.239,,Amazon Product Data,True,49.5,16.5,19.0,15502.3
B18913059,Eppendorf pH Meter Model Advanced 5952,instruments,Eppendorf,623.61,1.522,,Amazon Product Data,True,36.5,35.4,23.3,30147.3
B20149671,Shimadzu PCR Machine Model Pro 3560,instruments,Shimadzu,41037.92,52.656,,Amazon Product Data,True,61.5,38.3,21.4,50415.4
B78456374,Shimadzu Microscope Model Elite 2558,lab_equipment,Shimadzu,1585.77,13.126,,Amazon Product Data,True,78.7,60.7,45.2,216223.0
B21055229,Shimadzu Incubator Model Elite 939,lab_equipment,Shimadzu,9926.78,32.941,,Amazon Product Data,True,65.2,35.7,23.3,54217.1
B37575323,Agilent PCR Machine Model Elite 6281,instruments,Agilent,66942.96,55.864,,Amazon Product Data,True,61.4,57.2,57.7,202751.1
B59453493,Agilent Pipette Model Standard 5076,lab_equipment,Agilent,485.72,0.287,,Amazon Product Data,True,14.2,16.0,12.4,2821.5
B18533273,Agilent Centrifuge Model Standard 7453,lab_equipment,Agilent,5796.88,20.439,,Amazon Product Data,True,49.9,71.8,43.9,157248.0
B79284188,Agilent Spectrophotometer Model Advanced 5234,instruments,Agilent,41576.95,41.911,,Amazon Product Data,True,61.5,53.5,57.8,190211.0
B94285751,Thermo Fisher Spectrophotometer Model Pro 5128,instruments,Thermo Fisher,27734.49,15.044,,Amazon Product Data,True,80.6,38.2,44.5,137006.2
B14924317,Bio-Rad PCR Machine Model Standard 320,instruments,Bio-Rad,16107.9,29.963,,Amazon Product Data,True,81.0,46.2,39.1,146353.6
B20115513,Shimadzu Microscope Model Pro 3489,lab_equipment,Shimadzu,14194.25,5.149,,Amazon Product Data,True,46.8,17.4,27.7,22571.8
B12981339,Bio-Rad PCR Machine Model Standard 2981,instruments,Bio-Rad,20442.56,44.193,,Amazon Product Data,True,57.0,30.1,28.6,48933.1
B85567609,Thermo Fisher Centrifuge Model Pro 3602,lab_equipment,Thermo Fisher,15182.77,22.812,,Amazon Product Data,True,40.2,66.6,29.1,78055.6
B74780044,Bio-Rad PCR Machine Model Pro 443,instruments,Bio-Rad,23297.01,37.198,,Amazon Product Data,True,99.8,36.9,55.6,204353.8
B20508007,Eppendorf Microscope Model Standard 8239,lab_equipment,Eppendorf,10914.93,10.525,,Amazon Product Data,True,68.4,44.3,29.8,90208.1
B91531991,Waters Centrifuge Model Standard 3157,lab_equipment,Waters,12643.2,63.617,,Amazon Product Data,True,72.8,54.1,23.0,90607.6
B54339504,Eppendorf Incubator Model Standard 7172,lab_equipment,Eppendorf,3894.28,41.129,,Amazon Product Data,True,44.8,51.1,44.6,102209.7
B63370490,PerkinElmer Balance Model Pro 8368,lab_equipment,PerkinElmer,5625.72,11.42,,Amazon Product Data,True,91.4,41.5,32.6,123710.1
B41854946,PerkinElmer PCR Machine Model Elite 6091,instruments,PerkinElmer,22519.16,45.454,,Amazon Product Data,True,99.2,34.2,53.1,180132.7
B41984894,Agilent Balance Model Advanced 7838,lab_equipment,Agilent,4941.47,23.449,,Amazon Product Data,True,73.5,72.0,36.1,191332.4
B29458476,Bio-Rad Spectrophotometer Model Elite 8182,instruments,Bio-Rad,37831.72,42.976,,Amazon Product Data,True,58.6,39.8,54.9,127892.2
B82333177,Bio-Rad Balance Model Elite 4003,lab_equipment,Bio-Rad,6018.69,17.105,,Amazon Product Data,True,40.1,42.7,47.8,81916.4
B90015723,PerkinElmer Spectrophotometer Model Advanced 1567,instruments,PerkinElmer,41206.08,17.012,,Amazon Product Data,True,68.0,60.9,45.0,186159.8
B59706153,Agilent pH Meter Model Advanced 9223,instruments,Agilent,419.22,1.388,,Amazon Product Data,True,29.9,21.7,15.6,10119.0
B92314914,Agilent pH Meter Model Standard 337,instruments,Agilent,1138.87,0.693,,Amazon Product Data,True,11.4,5.7,11.9,767.0
B32886833,Bio-Rad Spectrophotometer Model Pro 8831,instruments,Bio-Rad,35480.37,21.413,,Amazon Product Data,True,78.2,37.6,47.0,138325.1
B98270645,Eppendorf Microscope Model Advanced 2709,lab_equipment,Eppendorf,1800.19,8.858,,Amazon Product Data,True,43.3,23.5,12.8,13035.8
B42804504,Eppendorf Spectrophotometer Model Advanced 1989,instruments,Eppendorf,19649.99,20.478,,Amazon Product Data,True,95.2,53.0,29.0,146112.0
B58686555,Bio-Rad Spectrophotometer Model Standard 6327,instruments,Bio-Rad,15199.42,21.338,,Amazon Product Data,True,52.0,79.5,23.3,96227.2
B48032550,Bio-Rad Spectrophotometer Model Standard 7503,instruments,Bio-Rad,21590.03,39.097,,Amazon Product Data,True,69.9,60.1,34.4,144523.3
B32582207,Waters Spectrophotometer Model Standard 8154,instruments,Waters,45412.26,20.262,,Amazon Product Data,True,74.7,34.6,37.4,96627.4
B11823044,Thermo Fisher Incubator Model Pro 6924,lab_equipment,Thermo Fisher,5836.66,41.245,,Amazon Product Data,True,71.6,77.1,55.3,304843.8
B51814861,Bio-Rad Balance Model Advanced 955,lab_equipment,Bio-Rad,7116.83,24.113,,Amazon Product Data,True,48.2,67.9,52.8,172784.5
B50444851,Bio-Rad pH Meter Model Standard 3288,instruments,Bio-Rad,956.91,0.505,,Amazon Product Data,True,14.9,12.8,10.3,1963.8
B89929856,Agilent Balance Model Standard 252,lab_equipment,Agilent,4664.02,10.87,,Amazon Product Data,True,51.7,45.4,22.7,53417.3
B91232153,Agilent Microscope Model Pro 823,lab_equipment,Agilent,9637.46,12.245,,Amazon Product Data,True,81.7,57.5,24.4,114729.8
B73104058,Bio-Rad Balance Model Standard 9052,lab_equipment,Bio-Rad,1274.07,22.574,,Amazon Product Data,True,53.1,57.5,35.7,109030.3
B91823752,Bio-Rad Pipette Model Pro 6532,lab_equipment,Bio-Rad,810.34,0.489,,Amazon Product Data,True,26.0,10.5,8.6,2338.9
B33219164,Agilent Centrifuge Model Advanced 8754,lab_equipment,Agilent,6522.31,53.595,,Amazon Product Data,True,63.1,64.5,41.1,167495.1
B16986302,Bio-Rad Pipette Model Standard 557,lab_equipment,Bio-Rad,363.23,0.405,,Amazon Product Data,True,10.1,14.0,7.7,1096.9
B87852545,Shimadzu pH Meter Model Advanced 1347,instruments,Shimadzu,1007.24,1.48,,Amazon Product Data,True,45.3,38.5,29.2,50984.0
B81320554,Shimadzu pH Meter Model Pro 7867,instruments,Shimadzu,1687.13,1.31,,Amazon Product Data,True,43.7,25.7,26.1,29295.1
B82690163,Bio-Rad Pipette Model Advanced 8397,lab_equipment,Bio-Rad,1080.29,0.202,,Amazon Product Data,True,15.2,9.5,9.4,1355.4
B82436795,Agilent Centrifuge Model Pro 8213,lab_equipment,Agilent,17453.35,39.476,,Amazon Product Data,True,87.6,37.8,40.6,134450.1
B62473880,Agilent Centrifuge Model Elite 1484,lab_equipment,Agilent,20691.79,36.297,,Amazon Product Data,True,82.3,62.4,47.3,243359.8
B72628583,Waters PCR Machine Model Elite 1203,instruments,Waters,55736.46,55.527,,Amazon Product Data,True,71.9,70.7,37.2,188969.5
B77150094,Shimadzu Microscope Model Pro 359,lab_equipment,Shimadzu,12106.11,5.1,,Amazon Product Data,True,45.0,39.8,18.2,32659.1
B55731536,Eppendorf pH Meter Model Elite 7789,instruments,Eppendorf,495.54,1.246,,Amazon Product Data,True,27.9,35.1,23.1,22650.7
B94183310,PerkinElmer Incubator Model Pro 9117,lab_equipment,PerkinElmer,12434.15,101.753,,Amazon Product Data,True,40.6,44.2,36.6,65709.7
B20047691,PerkinElmer PCR Machine Model Pro 2931,instruments,PerkinElmer,61436.16,58.025,,Amazon Product Data,True,66.2,37.3,35.5,87736.1
B49439887,PerkinElmer PCR Machine Model Pro 2836,instruments,PerkinElmer,27829.08,28.577,,Amazon Product Data,True,96.9,71.3,54.7,378355.5
