sku,name,category,supplier,weight_kg,base_price,hs_code
CHE-0000,Chemicals Product 0,chemicals,Agilent,4.98,181.03,9027
CHE-0001,Chemicals Product 1,chemicals,Bio-Rad,2.28,36.18,3822
INS-0002,Instruments Product 2,instruments,Sigma-Aldrich,49.86,12513.11,7020
CON-0003,Consumables Product 3,consumables,Sigma-Aldrich,0.22,72.49,3822
CON-0004,Consumables Product 4,consumables,ThermoFisher,0.24,140.68,3926
CHE-0005,Chemicals Product 5,chemicals,Agilent,4.81,190.54,3926
REA-0006,Reagents Product 6,reagents,Bio-Rad,1.86,323.02,3926
CON-0007,Consumables Product 7,consumables,Merck,0.59,160.52,3926
CON-0008,Consumables Product 8,consumables,ThermoFisher,0.19,172.86,7020
LAB-0009,Lab_Equipment Product 9,lab_equipment,Bio-Rad,7.78,291.31,3926
REA-0010,Reagents Product 10,reagents,Merck,0.52,423.36,3926
CON-0011,Consumables Product 11,consumables,Sigma-Aldrich,0.15,75.95,3822
INS-0012,Instruments Product 12,instruments,Agilent,16.99,4943.57,7020
CHE-0013,Chemicals Product 13,chemicals,Bio-Rad,2.27,722.11,9027
REA-0014,Reagents Product 14,reagents,ThermoFisher,1.95,297.74,3822
CHE-0015,Chemicals Product 15,chemicals,ThermoFisher,4.56,503.61,3926
INS-0016,Instruments Product 16,instruments,Sigma-Aldrich,41.37,11382.92,3926
INS-0017,Instruments Product 17,instruments,Merck,38.24,10167.45,3822
CHE-0018,Chemicals Product 18,chemicals,ThermoFisher,2.67,383.15,9027
LAB-0019,Lab_Equipment Product 19,lab_equipment,Agilent,7.19,1086.44,7020
REA-0020,Reagents Product 20,reagents,Bio-Rad,1.8,440.39,3822
CHE-0021,Chemicals Product 21,chemicals,Merck,2.15,486.5,3926
CON-0022,Consumables Product 22,consumables,Bio-Rad,0.77,46.94,3926
CON-0023,Consumables Product 23,consumables,ThermoFisher,0.18,20.22,9027
REA-0024,Reagents Product 24,reagents,ThermoFisher,0.84,88.6,9027
LAB-0025,Lab_Equipment Product 25,lab_equipment,Agilent,2.11,1297.5,3926
INS-0026,Instruments Product 26,instruments,Sigma-Aldrich,48.18,3539.88,3926
REA-0027,Reagents Product 27,reagents,ThermoFisher,0.73,209.56,3822
CHE-0028,Chemicals Product 28,chemicals,Merck,3.27,265.65,7020
REA-0029,Reagents Product 29,reagents,Agilent,1.41,184.37,9027
CHE-0030,Chemicals Product 30,chemicals,ThermoFisher,2.11,666.7,3926
CON-0031,Consumables Product 31,consumables,Agilent,0.25,98.7,7020
INS-0032,Instruments Product 32,instruments,ThermoFisher,28.5,16738.76,3822
CON-0033,Consumables Product 33,consumables,Agilent,0.93,167.0,3822
INS-0034,Instruments Product 34,instruments,Agilent,16.69,21260.64,3926
CHE-0035,Chemicals Product 35,chemicals,Bio-Rad,0.94,671.88,9027
REA-0036,Reagents Product 36,reagents,Bio-Rad,1.17,111.75,9027
CHE-0037,Chemicals Product 37,chemicals,Agilent,2.05,359.19,3822
REA-0038,Reagents Product 38,reagents,Sigma-Aldrich,1.12,453.37,3822
LAB-0039,Lab_Equipment Product 39,lab_equipment,ThermoFisher,18.03,1488.76,3822
CHE-0040,Chemicals Product 40,chemicals,Bio-Rad,3.2,334.57,3822
LAB-0041,Lab_Equipment Product 41,lab_equipment,Sigma-Aldrich,7.99,659.56,3926
INS-0042,Instruments Product 42,instruments,Bio-Rad,44.42,5401.59,7020
REA-0043,Reagents Product 43,reagents,Merck,0.1,369.58,9027
INS-0044,Instruments Product 44,instruments,Agilent,17.26,10404.43,9027
CON-0045,Consumables Product 45,consumables,ThermoFisher,0.29,92.94,3926
INS-0046,Instruments Product 46,instruments,ThermoFisher,24.64,12268.74,9027
REA-0047,Reagents Product 47,reagents,Sigma-Aldrich,1.72,289.59,7020
REA-0048,Reagents Product 48,reagents,Agilent,0.64,259.39,3926
INS-0049,Instruments Product 49,instruments,Sigma-Aldrich,24.64,12273.01,3926
LAB-0050,Lab_Equipment Product 50,lab_equipment,Agilent,3.9,461.38,3822
REA-0051,Reagents Product 51,reagents,Merck,0.38,422.18,3822
LAB-0052,Lab_Equipment Product 52,lab_equipment,ThermoFisher,6.45,877.75,3822
REA-0053,Reagents Product 53,reagents,ThermoFisher,0.63,91.56,7020
INS-0054,Instruments Product 54,instruments,ThermoFisher,25.9,8220.73,7020
CON-0055,Consumables Product 55,consumables,Bio-Rad,0.06,65.32,3926
LAB-0056,Lab_Equipment Product 56,lab_equipment,Sigma-Aldrich,4.88,1129.58,7020
CON-0057,Consumables Product 57,consumables,Sigma-Aldrich,0.76,87.62,7020
CON-0058,Consumables Product 58,consumables,ThermoFisher,0.78,19.43,9027
LAB-0059,Lab_Equipment Product 59,lab_equipment,Bio-Rad,10.12,907.22,3926
REA-0060,Reagents Product 60,reagents,Bio-Rad,0.72,338.15,9027
CON-0061,Consumables Product 61,consumables,ThermoFisher,0.65,102.43,3926
INS-0062,Instruments Product 62,instruments,Merck,23.55,20270.85,3926
REA-0063,Reagents Product 63,reagents,Merck,1.18,130.44,9027
INS-0064,Instruments Product 64,instruments,Agilent,35.92,4203.73,3926
INS-0065,Instruments Product 65,instruments,Sigma-Aldrich,45.91,2423.04,3822
INS-0066,Instruments Product 66,instruments,Merck,19.93,20406.43,9027
LAB-0067,Lab_Equipment Product 67,lab_equipment,ThermoFisher,12.7,964.69,9027
CON-0068,Consumables Product 68,consumables,Agilent,0.94,82.66,3926
REA-0069,Reagents Product 69,reagents,Sigma-Aldrich,1.26,378.38,3822
CHE-0070,Chemicals Product 70,chemicals,ThermoFisher,1.54,663.51,9027
CHE-0071,Chemicals Product 71,chemicals,Sigma-Aldrich,2.0,640.42,3822
CON-0072,Consumables Product 72,consumables,ThermoFisher,0.8,91.52,3926
CON-0073,Consumables Product 73,consumables,Bio-Rad,0.37,170.17,7020
INS-0074,Instruments Product 74,instruments,Bio-Rad,24.19,9531.55,9027
REA-0075,Reagents Product 75,reagents,Bio-Rad,0.15,122.57,9027
INS-0076,Instruments Product 76,instruments,ThermoFisher,19.9,21217.74,7020
INS-0077,Instruments Product 77,instruments,Bio-Rad,10.39,22877.16,7020
CHE-0078,Chemicals Product 78,chemicals,Merck,2.6,113.72,3822
INS-0079,Instruments Product 79,instruments,ThermoFisher,19.02,23229.29,9027
CON-0080,Consumables Product 80,consumables,Bio-Rad,0.9,123.14,7020
INS-0081,Instruments Product 81,instruments,Merck,49.69,22800.87,3822
LAB-0082,Lab_Equipment Product 82,lab_equipment,Sigma-Aldrich,8.97,1741.61,3822
CON-0083,Consumables Product 83,consumables,Bio-Rad,0.6,62.66,3926
CHE-0084,Chemicals Product 84,chemicals,ThermoFisher,3.97,58.36,9027
REA-0085,Reagents Product 85,reagents,Bio-Rad,0.46,202.0,3822
CHE-0086,Chemicals Product 86,chemicals,Sigma-Aldrich,4.86,780.59,3822
CHE-0087,Chemicals Product 87,chemicals,Bio-Rad,1.58,447.35,7020
CHE-0088,Chemicals Product 88,chemicals,Agilent,1.82,681.58,9027
LAB-0089,Lab_Equipment Product 89,lab_equipment,Bio-Rad,9.67,1106.06,9027
LAB-0090,Lab_Equipment Product 90,lab_equipment,Merck,9.05,840.23,7020
LAB-0091,Lab_Equipment Product 91,lab_equipment,Sigma-Aldrich,11.01,412.89,9027
INS-0092,Instruments Product 92,instruments,Bio-Rad,11.55,21585.68,7020
REA-0093,Reagents Product 93,reagents,Bio-Rad,1.55,418.79,7020
LAB-0094,Lab_Equipment Product 94,lab_equipment,Agilent,2.12,1746.0,7020
INS-0095,Instruments Product 95,instruments,Sigma-Aldrich,37.46,3753.45,7020
LAB-0096,Lab_Equipment Product 96,lab_equipment,Agilent,5.55,1232.19,3926
LAB-0097,Lab_Equipment Product 97,lab_equipment,Bio-Rad,10.27,697.3,3926
INS-0098,Instruments Product 98,instruments,Sigma-Aldrich,16.99,11597.45,9027
LAB-0099,Lab_Equipment Product 99,lab_equipment,ThermoFisher,13.27,798.77,7020
INS-0100,Instruments Product 100,instruments,Merck,21.0,16368.88,3926
REA-0101,Reagents Product 101,reagents,Merck,0.46,376.77,3926
REA-0102,Reagents Product 102,reagents,Agilent,1.51,362.49,7020
CHE-0103,Chemicals Product 103,chemicals,Merck,1.86,677.32,3822
LAB-0104,Lab_Equipment Product 104,lab_equipment,ThermoFisher,15.3,1579.93,3926
LAB-0105,Lab_Equipment Product 105,lab_equipment,ThermoFisher,11.52,1840.72,3822
CON-0106,Consumables Product 106,consumables,ThermoFisher,0.33,58.46,9027
INS-0107,Instruments Product 107,instruments,ThermoFisher,43.94,3152.95,7020
REA-0108,Reagents Product 108,reagents,ThermoFisher,0.69,157.83,9027
CON-0109,Consumables Product 109,consumables,Merck,0.62,71.43,3822
REA-0110,Reagents Product 110,reagents,Merck,0.81,140.16,3822
INS-0111,Instruments Product 111,instruments,ThermoFisher,37.06,21504.79,7020
CON-0112,Consumables Product 112,consumables,Merck,0.5,37.62,9027
REA-0113,Reagents Product 113,reagents,Bio-Rad,0.97,239.55,7020
CHE-0114,Chemicals Product 114,chemicals,Agilent,1.22,507.6,3926
CHE-0115,Chemicals Product 115,chemicals,Agilent,1.38,753.11,7020
INS-0116,Instruments Product 116,instruments,ThermoFisher,47.25,2675.71,3822
REA-0117,Reagents Product 117,reagents,Merck,0.96,178.19,9027
REA-0118,Reagents Product 118,reagents,ThermoFisher,0.54,433.2,9027
INS-0119,Instruments Product 119,instruments,Agilent,26.16,18863.45,3822
CHE-0120,Chemicals Product 120,chemicals,Sigma-Aldrich,3.52,111.57,9027
CON-0121,Consumables Product 121,consumables,Sigma-Aldrich,0.54,116.44,7020
LAB-0122,Lab_Equipment Product 122,lab_equipment,Agilent,15.93,894.06,7020
REA-0123,Reagents Product 123,reagents,ThermoFisher,0.77,408.05,3822
INS-0124,Instruments Product 124,instruments,Merck,25.78,14014.18,9027
CON-0125,Consumables Product 125,consumables,Merck,0.12,76.89,3822
REA-0126,Reagents Product 126,reagents,Merck,0.25,179.93,3822
CON-0127,Consumables Product 127,consumables,Bio-Rad,0.94,67.96,9027
LAB-0128,Lab_Equipment Product 128,lab_equipment,Agilent,7.8,208.04,3926
CHE-0129,Chemicals Product 129,chemicals,ThermoFisher,4.48,763.39,7020
REA-0130,Reagents Product 130,reagents,Agilent,0.55,281.94,9027
CHE-0131,Chemicals Product 131,chemicals,Sigma-Aldrich,3.49,791.39,3926
CHE-0132,Chemicals Product 132,chemicals,Bio-Rad,0.57,234.5,3822
LAB-0133,Lab_Equipment Product 133,lab_equipment,Merck,11.96,551.79,9027
INS-0134,Instruments Product 134,instruments,Merck,35.96,13236.06,3926
CON-0135,Consumables Product 135,consumables,Agilent,0.95,42.86,7020
CON-0136,Consumables Product 136,consumables,Agilent,0.12,134.35,9027
CON-0137,Consumables Product 137,consumables,Merck,0.24,49.78,7020
INS-0138,Instruments Product 138,instruments,Sigma-Aldrich,28.9,16030.38,3926
CON-0139,Consumables Product 139,consumables,Agilent,0.51,56.27,3822
LAB-0140,Lab_Equipment Product 140,lab_equipment,Bio-Rad,8.67,1406.35,9027
CHE-0141,Chemicals Product 141,chemicals,ThermoFisher,1.76,725.63,9027
REA-0142,Reagents Product 142,reagents,ThermoFisher,1.08,100.4,7020
INS-0143,Instruments Product 143,instruments,Bio-Rad,38.98,19192.65,7020
LAB-0144,Lab_Equipment Product 144,lab_equipment,Bio-Rad,14.1,1354.02,3926
INS-0145,Instruments Product 145,instruments,Merck,14.19,15288.6,3822
CON-0146,Consumables Product 146,consumables,Bio-Rad,0.61,93.9,9027
LAB-0147,Lab_Equipment Product 147,lab_equipment,Merck,12.81,1167.54,9027
CON-0148,Consumables Product 148,consumables,Agilent,0.45,17.18,3926
CON-0149,Consumables Product 149,consumables,Sigma-Aldrich,0.99,23.39,3822
CON-0150,Consumables Product 150,consumables,Sigma-Aldrich,0.39,154.83,3926
CON-0151,Consumables Product 151,consumables,Agilent,0.91,107.23,3822
CHE-0152,Chemicals Product 152,chemicals,ThermoFisher,3.57,640.17,3926
LAB-0153,Lab_Equipment Product 153,lab_equipment,ThermoFisher,18.47,1475.35,7020
INS-0154,Instruments Product 154,instruments,Agilent,36.76,8892.88,3926
CON-0155,Consumables Product 155,consumables,Sigma-Aldrich,0.88,40.61,3822
LAB-0156,Lab_Equipment Product 156,lab_equipment,Bio-Rad,3.15,927.13,3822
LAB-0157,Lab_Equipment Product 157,lab_equipment,ThermoFisher,13.08,412.27,3926
CHE-0158,Chemicals Product 158,chemicals,ThermoFisher,3.53,103.09,7020
LAB-0159,Lab_Equipment Product 159,lab_equipment,ThermoFisher,8.61,1310.71,7020
INS-0160,Instruments Product 160,instruments,Merck,25.8,12482.65,3926
LAB-0161,Lab_Equipment Product 161,lab_equipment,Bio-Rad,17.57,1168.69,7020
REA-0162,Reagents Product 162,reagents,ThermoFisher,0.47,51.89,9027
LAB-0163,Lab_Equipment Product 163,lab_equipment,Bio-Rad,15.67,1456.55,3822
REA-0164,Reagents Product 164,reagents,Sigma-Aldrich,1.74,249.71,7020
INS-0165,Instruments Product 165,instruments,Merck,12.98,6596.56,9027
INS-0166,Instruments Product 166,instruments,Bio-Rad,42.77,12678.48,3822
CHE-0167,Chemicals Product 167,chemicals,Agilent,2.2,739.24,7020
INS-0168,Instruments Product 168,instruments,Sigma-Aldrich,18.8,17153.57,9027
LAB-0169,Lab_Equipment Product 169,lab_equipment,Bio-Rad,6.37,1420.67,3926
CHE-0170,Chemicals Product 170,chemicals,Sigma-Aldrich,2.45,95.31,7020
REA-0171,Reagents Product 171,reagents,Sigma-Aldrich,1.74,281.41,3926
CON-0172,Consumables Product 172,consumables,Agilent,0.79,37.9,7020
INS-0173,Instruments Product 173,instruments,Sigma-Aldrich,40.6,22078.77,7020
LAB-0174,Lab_Equipment Product 174,lab_equipment,Bio-Rad,14.92,1035.22,7020
REA-0175,Reagents Product 175,reagents,Merck,0.37,104.55,9027
INS-0176,Instruments Product 176,instruments,Bio-Rad,15.01,1148.42,9027
INS-0177,Instruments Product 177,instruments,Bio-Rad,46.74,5687.21,9027
LAB-0178,Lab_Equipment Product 178,lab_equipment,Merck,14.65,1721.15,7020
LAB-0179,Lab_Equipment Product 179,lab_equipment,ThermoFisher,7.34,923.38,3926
CHE-0180,Chemicals Product 180,chemicals,Bio-Rad,2.17,480.41,3822
REA-0181,Reagents Product 181,reagents,ThermoFisher,1.76,125.08,3822
CHE-0182,Chemicals Product 182,chemicals,ThermoFisher,2.3,245.63,7020
INS-0183,Instruments Product 183,instruments,ThermoFisher,10.97,12396.47,3926
LAB-0184,Lab_Equipment Product 184,lab_equipment,Sigma-Aldrich,2.28,433.31,3822
LAB-0185,Lab_Equipment Product 185,lab_equipment,ThermoFisher,7.78,1631.81,9027
REA-0186,Reagents Product 186,reagents,ThermoFisher,1.19,341.31,3926
INS-0187,Instruments Product 187,instruments,ThermoFisher,16.77,22620.16,3926
LAB-0188,Lab_Equipment Product 188,lab_equipment,Agilent,8.41,991.47,9027
CHE-0189,Chemicals Product 189,chemicals,Bio-Rad,2.85,57.89,7020
INS-0190,Instruments Product 190,instruments,Sigma-Aldrich,19.34,21182.35,9027
CHE-0191,Chemicals Product 191,chemicals,Merck,2.25,51.01,3926
REA-0192,Reagents Product 192,reagents,Agilent,1.34,444.42,3926
CON-0193,Consumables Product 193,consumables,Sigma-Aldrich,0.08,176.21,9027
CON-0194,Consumables Product 194,consumables,ThermoFisher,0.85,50.95,3822
CHE-0195,Chemicals Product 195,chemicals,Bio-Rad,4.8,122.18,3822
CHE-0196,Chemicals Product 196,chemicals,ThermoFisher,3.36,405.54,3822
LAB-0197,Lab_Equipment Product 197,lab_equipment,ThermoFisher,3.24,1277.76,7020
CON-0198,Consumables Product 198,consumables,Sigma-Aldrich,0.96,183.85,7020
CON-0199,Consumables Product 199,consumables,Sigma-Aldrich,0.79,47.11,3822
CHE-0200,Chemicals Product 200,chemicals,Bio-Rad,3.49,355.57,7020
LAB-0201,Lab_Equipment Product 201,lab_equipment,Merck,15.12,829.58,9027
LAB-0202,Lab_Equipment Product 202,lab_equipment,Agilent,16.77,1510.91,9027
REA-0203,Reagents Product 203,reagents,Merck,1.51,404.35,7020
INS-0204,Instruments Product 204,instruments,Merck,26.34,1909.9,9027
REA-0205,Reagents Product 205,reagents,Sigma-Aldrich,1.41,459.94,7020
CHE-0206,Chemicals Product 206,chemicals,Agilent,4.01,226.22,9027
INS-0207,Instruments Product 207,instruments,Merck,42.19,17467.9,9027
INS-0208,Instruments Product 208,instruments,Sigma-Aldrich,13.03,6456.58,9027
REA-0209,Reagents Product 209,reagents,Merck,1.11,166.87,3822
CON-0210,Consumables Product 210,consumables,Agilent,0.07,92.92,3822
LAB-0211,Lab_Equipment Product 211,lab_equipment,Bio-Rad,2.43,744.56,3926
REA-0212,Reagents Product 212,reagents,Merck,1.45,74.5,3926
INS-0213,Instruments Product 213,instruments,Merck,30.21,13821.62,3822
REA-0214,Reagents Product 214,reagents,Bio-Rad,0.49,325.31,9027
LAB-0215,Lab_Equipment Product 215,lab_equipment,Bio-Rad,2.04,1285.61,3926
LAB-0216,Lab_Equipment Product 216,lab_equipment,Merck,17.24,493.71,7020
LAB-0217,Lab_Equipment Product 217,lab_equipment,Merck,13.15,1437.43,9027
CON-0218,Consumables Product 218,consumables,Bio-Rad,0.19,98.82,3926
LAB-0219,Lab_Equipment Product 219,lab_equipment,Agilent,17.53,731.12,3822
CON-0220,Consumables Product 220,consumables,Agilent,0.07,119.73,7020
CON-0221,Consumables Product 221,consumables,Bio-Rad,0.36,140.76,3822
REA-0222,Reagents Product 222,reagents,ThermoFisher,1.32,246.7,3822
LAB-0223,Lab_Equipment Product 223,lab_equipment,Agilent,12.02,1421.48,3822
REA-0224,Reagents Product 224,reagents,Bio-Rad,0.3,426.53,3926
REA-0225,Reagents Product 225,reagents,Agilent,1.78,370.86,7020
CON-0226,Consumables Product 226,consumables,ThermoFisher,0.92,71.38,7020
LAB-0227,Lab_Equipment Product 227,lab_equipment,Sigma-Aldrich,6.23,1161.99,9027
CHE-0228,Chemicals Product 228,chemicals,Sigma-Aldrich,1.75,368.81,3822
CON-0229,Consumables Product 229,consumables,Agilent,0.37,106.98,3822
CHE-0230,Chemicals Product 230,chemicals,Bio-Rad,3.04,478.24,3822
LAB-0231,Lab_Equipment Product 231,lab_equipment,Sigma-Aldrich,7.99,1174.45,7020
REA-0232,Reagents Product 232,reagents,Merck,0.76,480.89,9027
LAB-0233,Lab_Equipment Product 233,lab_equipment,Sigma-Aldrich,6.89,1540.57,3926
REA-0234,Reagents Product 234,reagents,Agilent,1.47,150.24,9027
INS-0235,Instruments Product 235,instruments,Bio-Rad,48.35,12400.94,3926
INS-0236,Instruments Product 236,instruments,Merck,33.49,19601.7,3822
CON-0237,Consumables Product 237,consumables,Agilent,0.24,171.96,9027
CHE-0238,Chemicals Product 238,chemicals,ThermoFisher,2.46,68.8,3822
CON-0239,Consumables Product 239,consumables,Agilent,0.06,76.13,7020
LAB-0240,Lab_Equipment Product 240,lab_equipment,Bio-Rad,3.32,713.45,9027
REA-0241,Reagents Product 241,reagents,Sigma-Aldrich,1.72,81.55,7020
REA-0242,Reagents Product 242,reagents,ThermoFisher,0.44,408.51,3926
CON-0243,Consumables Product 243,consumables,Merck,0.67,189.14,9027
LAB-0244,Lab_Equipment Product 244,lab_equipment,Merck,4.92,1147.94,3822
REA-0245,Reagents Product 245,reagents,Sigma-Aldrich,0.9,230.31,3926
INS-0246,Instruments Product 246,instruments,Sigma-Aldrich,22.88,10535.32,3926
CON-0247,Consumables Product 247,consumables,Sigma-Aldrich,0.16,65.37,3822
CON-0248,Consumables Product 248,consumables,ThermoFisher,0.47,193.23,9027
CON-0249,Consumables Product 249,consumables,Agilent,0.57,16.62,3926
CHE-0250,Chemicals Product 250,chemicals,Bio-Rad,2.09,397.59,7020
REA-0251,Reagents Product 251,reagents,Agilent,1.08,157.47,3822
CHE-0252,Chemicals Product 252,chemicals,ThermoFisher,1.65,248.44,3926
LAB-0253,Lab_Equipment Product 253,lab_equipment,Merck,13.32,838.58,9027
CHE-0254,Chemicals Product 254,chemicals,Sigma-Aldrich,2.66,109.86,9027
CHE-0255,Chemicals Product 255,chemicals,Sigma-Aldrich,2.36,387.27,9027
CON-0256,Consumables Product 256,consumables,Merck,0.72,132.22,9027
INS-0257,Instruments Product 257,instruments,Agilent,28.67,1666.73,3926
CHE-0258,Chemicals Product 258,chemicals,Merck,3.37,466.53,9027
LAB-0259,Lab_Equipment Product 259,lab_equipment,ThermoFisher,10.58,282.05,9027
CHE-0260,Chemicals Product 260,chemicals,Bio-Rad,1.96,457.95,3926
LAB-0261,Lab_Equipment Product 261,lab_equipment,Merck,2.57,1788.59,7020
LAB-0262,Lab_Equipment Product 262,lab_equipment,Merck,17.03,1812.58,3926
REA-0263,Reagents Product 263,reagents,Sigma-Aldrich,0.75,276.67,3822
INS-0264,Instruments Product 264,instruments,ThermoFisher,43.31,17609.83,3822
CON-0265,Consumables Product 265,consumables,Agilent,0.08,28.58,3926
LAB-0266,Lab_Equipment Product 266,lab_equipment,ThermoFisher,2.91,1376.96,3926
LAB-0267,Lab_Equipment Product 267,lab_equipment,Merck,8.06,1243.12,9027
CON-0268,Consumables Product 268,consumables,Agilent,0.8,60.63,3822
CHE-0269,Chemicals Product 269,chemicals,Bio-Rad,2.15,193.72,3822
REA-0270,Reagents Product 270,reagents,Sigma-Aldrich,1.16,114.16,3822
CHE-0271,Chemicals Product 271,chemicals,ThermoFisher,3.33,444.06,7020
CHE-0272,Chemicals Product 272,chemicals,Bio-Rad,3.54,158.63,9027
INS-0273,Instruments Product 273,instruments,Agilent,33.0,20162.95,7020
CON-0274,Consumables Product 274,consumables,ThermoFisher,0.45,128.71,7020
CHE-0275,Chemicals Product 275,chemicals,Agilent,1.1,741.07,3822
LAB-0276,Lab_Equipment Product 276,lab_equipment,Bio-Rad,4.52,961.34,3822
REA-0277,Reagents Product 277,reagents,Agilent,0.48,380.39,7020
CHE-0278,Chemicals Product 278,chemicals,ThermoFisher,2.17,573.44,9027
CHE-0279,Chemicals Product 279,chemicals,Bio-Rad,4.7,138.24,9027
CHE-0280,Chemicals Product 280,chemicals,Merck,3.22,326.76,7020
CHE-0281,Chemicals Product 281,chemicals,Merck,1.38,578.39,3822
REA-0282,Reagents Product 282,reagents,Merck,1.32,238.88,7020
LAB-0283,Lab_Equipment Product 283,lab_equipment,Merck,11.56,208.18,3926
INS-0284,Instruments Product 284,instruments,ThermoFisher,40.94,12332.4,9027
INS-0285,Instruments Product 285,instruments,Agilent,12.8,13667.57,9027
REA-0286,Reagents Product 286,reagents,ThermoFisher,0.43,122.38,9027
REA-0287,Reagents Product 287,reagents,Agilent,1.02,414.44,3822
REA-0288,Reagents Product 288,reagents,Sigma-Aldrich,0.33,75.87,9027
REA-0289,Reagents Product 289,reagents,Merck,0.4,62.42,7020
CON-0290,Consumables Product 290,consumables,ThermoFisher,0.7,185.01,3926
CHE-0291,Chemicals Product 291,chemicals,Agilent,1.36,438.37,9027
LAB-0292,Lab_Equipment Product 292,lab_equipment,Sigma-Aldrich,7.48,488.11,7020
REA-0293,Reagents Product 293,reagents,Merck,1.4,416.88,9027
LAB-0294,Lab_Equipment Product 294,lab_equipment,Bio-Rad,19.91,1882.3,9027
LAB-0295,Lab_Equipment Product 295,lab_equipment,ThermoFisher,7.69,904.92,7020
LAB-0296,Lab_Equipment Product 296,lab_equipment,Agilent,13.59,557.54,3926
LAB-0297,Lab_Equipment Product 297,lab_equipment,Sigma-Aldrich,7.84,1960.85,3926
CON-0298,Consumables Product 298,consumables,ThermoFisher,0.98,144.61,7020
LAB-0299,Lab_Equipment Product 299,lab_equipment,Agilent,5.36,1084.26,7020
CON-0300,Consumables Product 300,consumables,Merck,0.83,53.9,9027
REA-0301,Reagents Product 301,reagents,Bio-Rad,0.22,304.04,3822
INS-0302,Instruments Product 302,instruments,Bio-Rad,49.65,22949.31,3926
CON-0303,Consumables Product 303,consumables,ThermoFisher,0.37,23.54,9027
CON-0304,Consumables Product 304,consumables,Sigma-Aldrich,0.46,21.2,3822
INS-0305,Instruments Product 305,instruments,Bio-Rad,23.19,5430.3,3822
CHE-0306,Chemicals Product 306,chemicals,ThermoFisher,3.96,582.83,3822
CHE-0307,Chemicals Product 307,chemicals,Merck,1.59,579.49,7020
LAB-0308,Lab_Equipment Product 308,lab_equipment,Agilent,3.24,310.4,3926
CON-0309,Consumables Product 309,consumables,Merck,0.09,143.46,3926
REA-0310,Reagents Product 310,reagents,Merck,0.29,273.21,3926
CON-0311,Consumables Product 311,consumables,Bio-Rad,0.95,97.67,7020
LAB-0312,Lab_Equipment Product 312,lab_equipment,Agilent,9.88,1782.01,3926
REA-0313,Reagents Product 313,reagents,Bio-Rad,1.1,178.92,3926
REA-0314,Reagents Product 314,reagents,ThermoFisher,0.97,327.56,3822
CON-0315,Consumables Product 315,consumables,Sigma-Aldrich,0.88,83.54,7020
CON-0316,Consumables Product 316,consumables,Agilent,0.63,89.11,3926
LAB-0317,Lab_Equipment Product 317,lab_equipment,Agilent,15.2,896.38,3926
INS-0318,Instruments Product 318,instruments,ThermoFisher,16.22,12682.87,3822
CON-0319,Consumables Product 319,consumables,Bio-Rad,0.31,13.26,9027
INS-0320,Instruments Product 320,instruments,Sigma-Aldrich,49.22,7728.95,9027
REA-0321,Reagents Product 321,reagents,Agilent,0.86,398.79,3926
REA-0322,Reagents Product 322,reagents,Merck,1.32,302.46,3822
INS-0323,Instruments Product 323,instruments,Sigma-Aldrich,29.18,12587.12,9027
REA-0324,Reagents Product 324,reagents,ThermoFisher,0.7,142.58,3822
INS-0325,Instruments Product 325,instruments,Merck,26.83,23761.59,7020
CHE-0326,Chemicals Product 326,chemicals,Merck,1.09,248.76,3822
CON-0327,Consumables Product 327,consumables,Agilent,0.78,40.26,9027
CON-0328,Consumables Product 328,consumables,Agilent,0.35,33.9,3822
CHE-0329,Chemicals Product 329,chemicals,Bio-Rad,0.99,264.1,3822
INS-0330,Instruments Product 330,instruments,Agilent,21.42,11199.34,7020
LAB-0331,Lab_Equipment Product 331,lab_equipment,Bio-Rad,19.08,436.62,3926
CON-0332,Consumables Product 332,consumables,Merck,0.89,131.32,9027
INS-0333,Instruments Product 333,instruments,ThermoFisher,28.08,9219.0,3926
REA-0334,Reagents Product 334,reagents,Sigma-Aldrich,1.97,311.26,3822
LAB-0335,Lab_Equipment Product 335,lab_equipment,Agilent,12.62,1679.74,7020
CON-0336,Consumables Product 336,consumables,Agilent,0.61,12.14,3926
INS-0337,Instruments Product 337,instruments,ThermoFisher,23.82,1681.56,3822
LAB-0338,Lab_Equipment Product 338,lab_equipment,Merck,12.75,469.77,3822
LAB-0339,Lab_Equipment Product 339,lab_equipment,Sigma-Aldrich,10.78,513.24,9027
REA-0340,Reagents Product 340,reagents,Merck,1.5,343.43,3926
INS-0341,Instruments Product 341,instruments,Sigma-Aldrich,14.19,12717.81,3926
CON-0342,Consumables Product 342,consumables,Agilent,0.27,78.93,7020
CON-0343,Consumables Product 343,consumables,Sigma-Aldrich,0.61,83.73,7020
INS-0344,Instruments Product 344,instruments,ThermoFisher,40.09,14819.42,7020
CHE-0345,Chemicals Product 345,chemicals,Sigma-Aldrich,4.67,248.58,3822
CON-0346,Consumables Product 346,consumables,Bio-Rad,0.67,23.77,3926
CHE-0347,Chemicals Product 347,chemicals,Agilent,3.05,148.33,9027
CHE-0348,Chemicals Product 348,chemicals,Merck,1.65,463.01,3926
REA-0349,Reagents Product 349,reagents,Sigma-Aldrich,1.64,164.06,3822
INS-0350,Instruments Product 350,instruments,Agilent,33.85,10154.13,7020
CON-0351,Consumables Product 351,consumables,Bio-Rad,0.46,76.61,3926
REA-0352,Reagents Product 352,reagents,ThermoFisher,1.96,328.85,3822
REA-0353,Reagents Product 353,reagents,ThermoFisher,0.62,253.0,3822
CHE-0354,Chemicals Product 354,chemicals,Bio-Rad,1.98,102.23,3822
LAB-0355,Lab_Equipment Product 355,lab_equipment,ThermoFisher,7.45,1631.52,3926
LAB-0356,Lab_Equipment Product 356,lab_equipment,Sigma-Aldrich,2.65,1936.97,3822
CHE-0357,Chemicals Product 357,chemicals,Agilent,0.71,779.07,7020
LAB-0358,Lab_Equipment Product 358,lab_equipment,Bio-Rad,4.3,750.79,7020
CON-0359,Consumables Product 359,consumables,Merck,0.39,139.92,3926
CON-0360,Consumables Product 360,consumables,Bio-Rad,0.41,95.89,3822
INS-0361,Instruments Product 361,instruments,ThermoFisher,47.4,3604.42,7020
CHE-0362,Chemicals Product 362,chemicals,Merck,2.16,645.17,3926
REA-0363,Reagents Product 363,reagents,Bio-Rad,0.24,282.93,9027
CHE-0364,Chemicals Product 364,chemicals,Merck,3.9,591.57,9027
CHE-0365,Chemicals Product 365,chemicals,Agilent,0.66,160.56,7020
INS-0366,Instruments Product 366,instruments,Agilent,45.8,14846.75,3822
REA-0367,Reagents Product 367,reagents,Agilent,1.3,307.83,3926
LAB-0368,Lab_Equipment Product 368,lab_equipment,Bio-Rad,9.49,1815.82,3822
CHE-0369,Chemicals Product 369,chemicals,Bio-Rad,0.89,128.31,3822
REA-0370,Reagents Product 370,reagents,Merck,0.94,146.67,3822
INS-0371,Instruments Product 371,instruments,Bio-Rad,43.16,2455.37,3926
CHE-0372,Chemicals Product 372,chemicals,Merck,2.1,724.09,3926
CHE-0373,Chemicals Product 373,chemicals,Agilent,2.43,241.78,9027
REA-0374,Reagents Product 374,reagents,ThermoFisher,0.62,147.32,9027
INS-0375,Instruments Product 375,instruments,ThermoFisher,42.19,14232.88,7020
INS-0376,Instruments Product 376,instruments,Agilent,40.78,7064.82,7020
CON-0377,Consumables Product 377,consumables,Sigma-Aldrich,0.56,134.65,3822
CHE-0378,Chemicals Product 378,chemicals,Merck,2.16,480.44,7020
CON-0379,Consumables Product 379,consumables,Bio-Rad,0.15,134.82,3822
INS-0380,Instruments Product 380,instruments,Merck,29.76,10280.19,9027
LAB-0381,Lab_Equipment Product 381,lab_equipment,Sigma-Aldrich,15.69,1915.31,3926
INS-0382,Instruments Product 382,instruments,ThermoFisher,17.93,21461.82,3926
LAB-0383,Lab_Equipment Product 383,lab_equipment,Sigma-Aldrich,12.45,1251.56,3926
CON-0384,Consumables Product 384,consumables,Sigma-Aldrich,0.95,187.95,9027
LAB-0385,Lab_Equipment Product 385,lab_equipment,Agilent,19.5,1029.91,3926
CHE-0386,Chemicals Product 386,chemicals,Sigma-Aldrich,3.52,514.79,3926
LAB-0387,Lab_Equipment Product 387,lab_equipment,Merck,17.32,354.3,3822
REA-0388,Reagents Product 388,reagents,Sigma-Aldrich,1.25,443.3,9027
CON-0389,Consumables Product 389,consumables,ThermoFisher,0.91,197.98,3926
INS-0390,Instruments Product 390,instruments,ThermoFisher,12.45,6171.73,7020
REA-0391,Reagents Product 391,reagents,Merck,1.26,239.24,7020
REA-0392,Reagents Product 392,reagents,ThermoFisher,1.06,219.12,7020
INS-0393,Instruments Product 393,instruments,ThermoFisher,16.05,22173.85,9027
CHE-0394,Chemicals Product 394,chemicals,ThermoFisher,3.14,189.73,3822
LAB-0395,Lab_Equipment Product 395,lab_equipment,Merck,11.46,1912.51,3926
LAB-0396,Lab_Equipment Product 396,lab_equipment,Merck,9.68,1624.53,9027
INS-0397,Instruments Product 397,instruments,ThermoFisher,16.04,24596.75,3926
REA-0398,Reagents Product 398,reagents,Merck,0.28,466.66,3926
CHE-0399,Chemicals Product 399,chemicals,Bio-Rad,1.77,607.58,3822
REA-0400,Reagents Product 400,reagents,ThermoFisher,0.32,156.68,9027
CON-0401,Consumables Product 401,consumables,Merck,0.43,138.06,9027
CON-0402,Consumables Product 402,consumables,Sigma-Aldrich,0.07,189.52,3822
INS-0403,Instruments Product 403,instruments,Merck,19.93,16682.19,9027
CON-0404,Consumables Product 404,consumables,Merck,0.97,187.73,9027
INS-0405,Instruments Product 405,instruments,Bio-Rad,36.34,13736.65,9027
INS-0406,Instruments Product 406,instruments,Merck,32.85,2919.42,3822
REA-0407,Reagents Product 407,reagents,Sigma-Aldrich,0.73,439.02,3822
INS-0408,Instruments Product 408,instruments,Merck,41.77,8927.77,9027
LAB-0409,Lab_Equipment Product 409,lab_equipment,Agilent,10.59,916.09,3926
INS-0410,Instruments Product 410,instruments,Sigma-Aldrich,48.84,8082.93,3926
INS-0411,Instruments Product 411,instruments,Merck,38.6,14340.76,9027
LAB-0412,Lab_Equipment Product 412,lab_equipment,ThermoFisher,12.33,910.31,3926
INS-0413,Instruments Product 413,instruments,ThermoFisher,14.42,5530.82,3926
CHE-0414,Chemicals Product 414,chemicals,Sigma-Aldrich,2.53,696.73,7020
CON-0415,Consumables Product 415,consumables,Bio-Rad,0.11,47.14,7020
INS-0416,Instruments Product 416,instruments,Bio-Rad,28.12,4905.06,3822
REA-0417,Reagents Product 417,reagents,Agilent,1.73,210.12,3926
CHE-0418,Chemicals Product 418,chemicals,ThermoFisher,2.43,424.26,9027
REA-0419,Reagents Product 419,reagents,Agilent,1.02,330.99,9027
CHE-0420,Chemicals Product 420,chemicals,Agilent,0.64,552.97,7020
CON-0421,Consumables Product 421,consumables,ThermoFisher,0.32,13.25,7020
INS-0422,Instruments Product 422,instruments,Agilent,46.07,1078.33,3926
LAB-0423,Lab_Equipment Product 423,lab_equipment,Merck,16.79,1633.38,9027
INS-0424,Instruments Product 424,instruments,ThermoFisher,49.45,13433.68,3926
CHE-0425,Chemicals Product 425,chemicals,Bio-Rad,2.24,496.35,3822
CHE-0426,Chemicals Product 426,chemicals,ThermoFisher,2.74,670.67,3822
CHE-0427,Chemicals Product 427,chemicals,Merck,1.18,496.49,3822
CHE-0428,Chemicals Product 428,chemicals,ThermoFisher,4.74,580.63,3926
CON-0429,Consumables Product 429,consumables,ThermoFisher,0.93,126.74,9027
INS-0430,Instruments Product 430,instruments,Agilent,10.82,5191.36,9027
CON-0431,Consumables Product 431,consumables,Agilent,0.16,71.7,9027
INS-0432,Instruments Product 432,instruments,Merck,47.15,4309.32,3926
CON-0433,Consumables Product 433,consumables,Sigma-Aldrich,0.14,192.86,3926
INS-0434,Instruments Product 434,instruments,ThermoFisher,17.82,12380.08,3822
CHE-0435,Chemicals Product 435,chemicals,Bio-Rad,4.3,624.82,3926
CON-0436,Consumables Product 436,consumables,Merck,0.92,195.57,3926
CHE-0437,Chemicals Product 437,chemicals,Sigma-Aldrich,2.04,352.25,3926
CON-0438,Consumables Product 438,consumables,Sigma-Aldrich,0.65,123.18,3822
INS-0439,Instruments Product 439,instruments,Agilent,42.15,6097.4,7020
INS-0440,Instruments Product 440,instruments,Agilent,26.92,2661.93,7020
CHE-0441,Chemicals Product 441,chemicals,ThermoFisher,1.32,792.7,3822
LAB-0442,Lab_Equipment Product 442,lab_equipment,ThermoFisher,10.22,1467.03,3926
CON-0443,Consumables Product 443,consumables,Agilent,0.43,51.54,3822
LAB-0444,Lab_Equipment Product 444,lab_equipment,Bio-Rad,10.69,609.17,3926
REA-0445,Reagents Product 445,reagents,ThermoFisher,1.56,310.58,3926
CHE-0446,Chemicals Product 446,chemicals,Merck,3.03,154.97,3822
REA-0447,Reagents Product 447,reagents,Sigma-Aldrich,0.69,450.57,7020
CON-0448,Consumables Product 448,consumables,ThermoFisher,0.17,140.81,3822
INS-0449,Instruments Product 449,instruments,Sigma-Aldrich,13.29,9224.45,7020
LAB-0450,Lab_Equipment Product 450,lab_equipment,Merck,18.17,208.13,3926
REA-0451,Reagents Product 451,reagents,Sigma-Aldrich,1.07,237.94,9027
REA-0452,Reagents Product 452,reagents,Agilent,1.02,93.78,7020
REA-0453,Reagents Product 453,reagents,Agilent,1.88,109.21,7020
CHE-0454,Chemicals Product 454,chemicals,Sigma-Aldrich,3.87,611.09,3926
REA-0455,Reagents Product 455,reagents,ThermoFisher,1.58,341.18,3926
REA-0456,Reagents Product 456,reagents,ThermoFisher,1.08,431.14,7020
INS-0457,Instruments Product 457,instruments,Agilent,40.78,23240.77,9027
CHE-0458,Chemicals Product 458,chemicals,Merck,3.89,89.56,9027
INS-0459,Instruments Product 459,instruments,ThermoFisher,46.78,22718.05,7020
LAB-0460,Lab_Equipment Product 460,lab_equipment,Sigma-Aldrich,17.8,1021.82,3822
CON-0461,Consumables Product 461,consumables,ThermoFisher,0.86,102.41,3926
CON-0462,Consumables Product 462,consumables,Merck,0.2,163.95,9027
LAB-0463,Lab_Equipment Product 463,lab_equipment,Merck,10.86,593.08,7020
INS-0464,Instruments Product 464,instruments,Sigma-Aldrich,37.4,1759.23,3926
LAB-0465,Lab_Equipment Product 465,lab_equipment,Merck,16.84,618.6,7020
REA-0466,Reagents Product 466,reagents,ThermoFisher,0.92,459.07,3926
LAB-0467,Lab_Equipment Product 467,lab_equipment,Bio-Rad,6.84,1609.93,9027
INS-0468,Instruments Product 468,instruments,ThermoFisher,41.91,21065.51,3926
INS-0469,Instruments Product 469,instruments,ThermoFisher,25.09,12393.16,9027
CHE-0470,Chemicals Product 470,chemicals,Bio-Rad,1.9,213.86,7020
CON-0471,Consumables Product 471,consumables,Merck,0.69,152.85,9027
CHE-0472,Chemicals Product 472,chemicals,Sigma-Aldrich,4.92,716.56,3822
INS-0473,Instruments Product 473,instruments,Agilent,23.93,8868.76,3926
REA-0474,Reagents Product 474,reagents,ThermoFisher,0.26,329.42,3822
CON-0475,Consumables Product 475,consumables,Merck,0.27,146.64,3822
REA-0476,Reagents Product 476,reagents,Merck,0.95,73.59,3822
CON-0477,Consumables Product 477,consumables,Agilent,0.43,42.36,7020
REA-0478,Reagents Product 478,reagents,Sigma-Aldrich,0.82,430.61,3822
CHE-0479,Chemicals Product 479,chemicals,ThermoFisher,2.91,770.58,9027
LAB-0480,Lab_Equipment Product 480,lab_equipment,Merck,15.44,1743.14,3822
CHE-0481,Chemicals Product 481,chemicals,Merck,1.16,425.72,7020
CHE-0482,Chemicals Product 482,chemicals,Sigma-Aldrich,1.32,100.24,9027
LAB-0483,Lab_Equipment Product 483,lab_equipment,Agilent,8.1,353.61,7020
CON-0484,Consumables Product 484,consumables,Merck,0.09,115.14,3822
INS-0485,Instruments Product 485,instruments,Bio-Rad,16.62,12156.51,7020
INS-0486,Instruments Product 486,instruments,Sigma-Aldrich,46.6,10851.74,9027
LAB-0487,Lab_Equipment Product 487,lab_equipment,Bio-Rad,18.4,609.18,7020
REA-0488,Reagents Product 488,reagents,Merck,0.68,234.43,9027
REA-0489,Reagents Product 489,reagents,Sigma-Aldrich,1.16,220.76,3822
INS-0490,Instruments Product 490,instruments,Agilent,20.79,23327.02,7020
REA-0491,Reagents Product 491,reagents,Sigma-Aldrich,0.68,52.05,7020
CHE-0492,Chemicals Product 492,chemicals,Agilent,2.74,207.2,3822
REA-0493,Reagents Product 493,reagents,Merck,0.83,182.57,3926
CON-0494,Consumables Product 494,consumables,Agilent,0.11,174.8,3926
REA-0495,Reagents Product 495,reagents,Agilent,0.31,164.7,9027
CON-0496,Consumables Product 496,consumables,Merck,0.82,79.9,9027
LAB-0497,Lab_Equipment Product 497,lab_equipment,ThermoFisher,3.03,204.01,3926
CHE-0498,Chemicals Product 498,chemicals,Merck,1.79,479.59,3822
CHE-0499,Chemicals Product 499,chemicals,Sigma-Aldrich,4.02,136.97,3822
CHE-0500,Chemicals Product 500,chemicals,Bio-Rad,4.21,659.7,7020
LAB-0501,Lab_Equipment Product 501,lab_equipment,Sigma-Aldrich,2.35,915.62,3822
CHE-0502,Chemicals Product 502,chemicals,Agilent,3.6,44.14,3926
REA-0503,Reagents Product 503,reagents,Agilent,0.52,368.53,3926
CHE-0504,Chemicals Product 504,chemicals,Merck,2.24,140.47,3822
CON-0505,Consumables Product 505,consumables,Agilent,0.36,102.83,3926
INS-0506,Instruments Product 506,instruments,Sigma-Aldrich,36.06,6131.91,7020
REA-0507,Reagents Product 507,reagents,Sigma-Aldrich,0.24,63.1,7020
CHE-0508,Chemicals Product 508,chemicals,Bio-Rad,4.11,760.68,3926
CON-0509,Consumables Product 509,consumables,Agilent,0.82,195.71,9027
REA-0510,Reagents Product 510,reagents,Merck,0.12,89.84,7020
CHE-0511,Chemicals Product 511,chemicals,Merck,4.52,49.77,7020
CON-0512,Consumables Product 512,consumables,Sigma-Aldrich,0.81,39.04,3822
INS-0513,Instruments Product 513,instruments,Agilent,36.98,19138.98,3926
REA-0514,Reagents Product 514,reagents,ThermoFisher,1.54,236.72,3822
INS-0515,Instruments Product 515,instruments,Bio-Rad,30.17,2498.48,9027
REA-0516,Reagents Product 516,reagents,Bio-Rad,0.89,368.53,3926
CON-0517,Consumables Product 517,consumables,Bio-Rad,0.49,165.36,9027
LAB-0518,Lab_Equipment Product 518,lab_equipment,Sigma-Aldrich,13.25,752.63,3926
CON-0519,Consumables Product 519,consumables,Agilent,0.48,88.42,3926
LAB-0520,Lab_Equipment Product 520,lab_equipment,Merck,6.66,1676.28,9027
INS-0521,Instruments Product 521,instruments,Merck,36.14,13795.95,3926
REA-0522,Reagents Product 522,reagents,Sigma-Aldrich,1.96,381.54,3822
INS-0523,Instruments Product 523,instruments,Bio-Rad,41.78,10896.11,3926
CHE-0524,Chemicals Product 524,chemicals,Bio-Rad,3.63,44.28,3926
CHE-0525,Chemicals Product 525,chemicals,Merck,3.96,100.57,9027
CHE-0526,Chemicals Product 526,chemicals,Merck,2.18,145.28,3822
CON-0527,Consumables Product 527,consumables,ThermoFisher,0.53,136.42,9027
CHE-0528,Chemicals Product 528,chemicals,Agilent,3.36,788.06,3822
LAB-0529,Lab_Equipment Product 529,lab_equipment,Merck,14.75,927.02,3926
CHE-0530,Chemicals Product 530,chemicals,Agilent,1.54,398.8,3926
CON-0531,Consumables Product 531,consumables,Merck,0.76,118.64,9027
CON-0532,Consumables Product 532,consumables,ThermoFisher,0.33,15.77,7020
LAB-0533,Lab_Equipment Product 533,lab_equipment,Agilent,15.1,1351.2,3822
LAB-0534,Lab_Equipment Product 534,lab_equipment,Agilent,4.48,1652.79,3926
INS-0535,Instruments Product 535,instruments,Merck,38.47,18480.05,3926
INS-0536,Instruments Product 536,instruments,Sigma-Aldrich,28.86,8074.05,9027
LAB-0537,Lab_Equipment Product 537,lab_equipment,Agilent,9.68,425.36,7020
CON-0538,Consumables Product 538,consumables,Bio-Rad,0.11,46.14,7020
LAB-0539,Lab_Equipment Product 539,lab_equipment,Bio-Rad,2.85,1886.0,7020
CHE-0540,Chemicals Product 540,chemicals,Merck,1.85,663.88,7020
LAB-0541,Lab_Equipment Product 541,lab_equipment,ThermoFisher,9.84,1846.12,3926
REA-0542,Reagents Product 542,reagents,ThermoFisher,1.58,367.2,3822
CHE-0543,Chemicals Product 543,chemicals,Bio-Rad,3.99,481.23,7020
REA-0544,Reagents Product 544,reagents,Bio-Rad,1.08,322.61,9027
CHE-0545,Chemicals Product 545,chemicals,Agilent,2.48,266.26,9027
INS-0546,Instruments Product 546,instruments,Bio-Rad,31.45,4424.28,3926
CHE-0547,Chemicals Product 547,chemicals,ThermoFisher,3.88,243.03,3926
CHE-0548,Chemicals Product 548,chemicals,Bio-Rad,1.85,783.85,7020
INS-0549,Instruments Product 549,instruments,Bio-Rad,48.87,10952.64,3822
LAB-0550,Lab_Equipment Product 550,lab_equipment,Bio-Rad,18.2,468.76,9027
INS-0551,Instruments Product 551,instruments,Sigma-Aldrich,35.84,2555.45,3822
INS-0552,Instruments Product 552,instruments,Merck,34.83,10658.14,3926
LAB-0553,Lab_Equipment Product 553,lab_equipment,Agilent,2.72,867.77,3926
INS-0554,Instruments Product 554,instruments,Agilent,15.75,10943.8,3822
CON-0555,Consumables Product 555,consumables,Sigma-Aldrich,0.41,126.53,7020
LAB-0556,Lab_Equipment Product 556,lab_equipment,ThermoFisher,17.51,1087.01,7020
CON-0557,Consumables Product 557,consumables,Agilent,0.09,22.02,7020
CHE-0558,Chemicals Product 558,chemicals,Agilent,3.94,647.69,7020
REA-0559,Reagents Product 559,reagents,ThermoFisher,0.72,362.52,3926
LAB-0560,Lab_Equipment Product 560,lab_equipment,Agilent,2.51,789.89,3926
LAB-0561,Lab_Equipment Product 561,lab_equipment,Agilent,6.09,1682.62,7020
CON-0562,Consumables Product 562,consumables,Merck,0.8,173.27,7020
CHE-0563,Chemicals Product 563,chemicals,Sigma-Aldrich,3.45,430.88,7020
LAB-0564,Lab_Equipment Product 564,lab_equipment,ThermoFisher,8.62,1270.07,3926
INS-0565,Instruments Product 565,instruments,ThermoFisher,14.24,23079.73,9027
CON-0566,Consumables Product 566,consumables,ThermoFisher,0.34,65.86,9027
INS-0567,Instruments Product 567,instruments,Agilent,47.63,10248.0,3926
LAB-0568,Lab_Equipment Product 568,lab_equipment,Merck,3.11,1168.18,3926
INS-0569,Instruments Product 569,instruments,Agilent,39.56,8340.52,7020
CHE-0570,Chemicals Product 570,chemicals,Bio-Rad,3.17,580.52,3926
LAB-0571,Lab_Equipment Product 571,lab_equipment,Agilent,13.5,1850.84,3822
REA-0572,Reagents Product 572,reagents,ThermoFisher,1.39,383.58,3822
REA-0573,Reagents Product 573,reagents,Merck,0.91,260.47,3822
CON-0574,Consumables Product 574,consumables,Merck,0.54,79.5,7020
CON-0575,Consumables Product 575,consumables,Agilent,0.54,33.03,3926
REA-0576,Reagents Product 576,reagents,ThermoFisher,1.34,247.99,7020
CHE-0577,Chemicals Product 577,chemicals,ThermoFisher,1.36,623.43,9027
REA-0578,Reagents Product 578,reagents,ThermoFisher,0.13,335.78,7020
CHE-0579,Chemicals Product 579,chemicals,Agilent,3.89,289.26,3822
REA-0580,Reagents Product 580,reagents,Sigma-Aldrich,1.48,246.87,7020
CON-0581,Consumables Product 581,consumables,ThermoFisher,0.91,81.71,3822
INS-0582,Instruments Product 582,instruments,Agilent,43.85,8556.67,3822
INS-0583,Instruments Product 583,instruments,ThermoFisher,42.04,19387.35,7020
LAB-0584,Lab_Equipment Product 584,lab_equipment,Agilent,16.12,316.96,9027
LAB-0585,Lab_Equipment Product 585,lab_equipment,Sigma-Aldrich,18.87,534.58,9027
LAB-0586,Lab_Equipment Product 586,lab_equipment,Merck,18.63,844.0,9027
CHE-0587,Chemicals Product 587,chemicals,Agilent,3.47,327.07,7020
CHE-0588,Chemicals Product 588,chemicals,Merck,2.15,100.6,7020
LAB-0589,Lab_Equipment Product 589,lab_equipment,Agilent,19.31,1491.12,7020
REA-0590,Reagents Product 590,reagents,Merck,1.89,467.07,7020
CON-0591,Consumables Product 591,consumables,Bio-Rad,0.72,178.27,3822
INS-0592,Instruments Product 592,instruments,Sigma-Aldrich,16.71,10064.15,7020
CON-0593,Consumables Product 593,consumables,Bio-Rad,0.82,97.01,7020
REA-0594,Reagents Product 594,reagents,ThermoFisher,0.89,313.55,3926
CHE-0595,Chemicals Product 595,chemicals,Sigma-Aldrich,1.89,617.42,3926
CON-0596,Consumables Product 596,consumables,Merck,0.42,131.48,9027
INS-0597,Instruments Product 597,instruments,Bio-Rad,17.83,13277.11,9027
INS-0598,Instruments Product 598,instruments,Sigma-Aldrich,19.79,10600.21,9027
INS-0599,Instruments Product 599,instruments,Bio-Rad,15.09,2569.12,3926
INS-0600,Instruments Product 600,instruments,ThermoFisher,31.86,7303.42,3822
REA-0601,Reagents Product 601,reagents,Sigma-Aldrich,1.67,141.52,3926
REA-0602,Reagents Product 602,reagents,Sigma-Aldrich,1.39,71.84,9027
CON-0603,Consumables Product 603,consumables,Sigma-Aldrich,0.64,18.06,9027
INS-0604,Instruments Product 604,instruments,ThermoFisher,11.02,10648.04,3822
REA-0605,Reagents Product 605,reagents,Merck,1.4,199.26,3926
INS-0606,Instruments Product 606,instruments,ThermoFisher,49.93,17817.71,3822
CHE-0607,Chemicals Product 607,chemicals,Merck,3.09,422.69,9027
CON-0608,Consumables Product 608,consumables,Sigma-Aldrich,0.16,101.13,9027
CON-0609,Consumables Product 609,consumables,Merck,0.18,144.42,7020
CHE-0610,Chemicals Product 610,chemicals,Agilent,4.65,141.8,9027
LAB-0611,Lab_Equipment Product 611,lab_equipment,ThermoFisher,19.19,1796.83,3926
CON-0612,Consumables Product 612,consumables,Bio-Rad,0.44,101.42,9027
CON-0613,Consumables Product 613,consumables,Merck,0.68,86.87,9027
CON-0614,Consumables Product 614,consumables,Sigma-Aldrich,0.39,35.02,9027
CHE-0615,Chemicals Product 615,chemicals,Sigma-Aldrich,3.31,287.66,3926
INS-0616,Instruments Product 616,instruments,Merck,13.93,6555.23,9027
REA-0617,Reagents Product 617,reagents,Merck,1.16,424.39,9027
LAB-0618,Lab_Equipment Product 618,lab_equipment,Agilent,12.51,593.45,9027
CHE-0619,Chemicals Product 619,chemicals,Merck,1.98,50.24,7020
INS-0620,Instruments Product 620,instruments,Bio-Rad,40.24,21575.66,3822
INS-0621,Instruments Product 621,instruments,Sigma-Aldrich,31.48,14418.67,9027
LAB-0622,Lab_Equipment Product 622,lab_equipment,ThermoFisher,13.16,1119.03,7020
REA-0623,Reagents Product 623,reagents,Sigma-Aldrich,1.27,180.19,3822
LAB-0624,Lab_Equipment Product 624,lab_equipment,ThermoFisher,2.66,251.75,9027
REA-0625,Reagents Product 625,reagents,Merck,1.85,92.31,7020
CON-0626,Consumables Product 626,consumables,Sigma-Aldrich,0.77,54.94,3822
LAB-0627,Lab_Equipment Product 627,lab_equipment,Bio-Rad,11.56,220.69,3926
REA-0628,Reagents Product 628,reagents,Bio-Rad,0.78,318.05,9027
CON-0629,Consumables Product 629,consumables,Bio-Rad,0.1,194.37,7020
INS-0630,Instruments Product 630,instruments,Bio-Rad,48.35,9747.12,9027
INS-0631,Instruments Product 631,instruments,Merck,18.54,14238.32,3822
INS-0632,Instruments Product 632,instruments,ThermoFisher,35.79,7781.13,7020
REA-0633,Reagents Product 633,reagents,Merck,0.63,409.46,9027
INS-0634,Instruments Product 634,instruments,Bio-Rad,37.32,15720.92,3822
CON-0635,Consumables Product 635,consumables,Bio-Rad,0.7,44.17,3926
INS-0636,Instruments Product 636,instruments,Bio-Rad,28.5,18857.72,3822
CHE-0637,Chemicals Product 637,chemicals,Bio-Rad,2.57,753.68,7020
CON-0638,Consumables Product 638,consumables,ThermoFisher,0.52,12.89,3822
REA-0639,Reagents Product 639,reagents,Merck,0.55,398.66,7020
INS-0640,Instruments Product 640,instruments,ThermoFisher,20.79,8324.6,7020
LAB-0641,Lab_Equipment Product 641,lab_equipment,Sigma-Aldrich,6.26,1823.88,3926
REA-0642,Reagents Product 642,reagents,Agilent,0.58,114.66,3926
CHE-0643,Chemicals Product 643,chemicals,ThermoFisher,1.03,688.07,3822
LAB-0644,Lab_Equipment Product 644,lab_equipment,Sigma-Aldrich,16.79,693.71,3926
CON-0645,Consumables Product 645,consumables,Agilent,0.54,37.97,9027
REA-0646,Reagents Product 646,reagents,Sigma-Aldrich,0.83,331.42,9027
CHE-0647,Chemicals Product 647,chemicals,Merck,3.25,575.45,7020
CON-0648,Consumables Product 648,consumables,Agilent,0.61,143.49,7020
CON-0649,Consumables Product 649,consumables,Agilent,0.79,143.26,3822
REA-0650,Reagents Product 650,reagents,Agilent,0.12,105.88,3926
REA-0651,Reagents Product 651,reagents,Sigma-Aldrich,0.68,358.21,3822
REA-0652,Reagents Product 652,reagents,Bio-Rad,1.19,475.91,7020
LAB-0653,Lab_Equipment Product 653,lab_equipment,ThermoFisher,13.26,510.94,3822
LAB-0654,Lab_Equipment Product 654,lab_equipment,Bio-Rad,16.68,1013.39,7020
LAB-0655,Lab_Equipment Product 655,lab_equipment,ThermoFisher,18.94,1583.01,3822
CON-0656,Consumables Product 656,consumables,Bio-Rad,0.84,114.0,9027
CHE-0657,Chemicals Product 657,chemicals,Agilent,1.83,103.49,3926
INS-0658,Instruments Product 658,instruments,Merck,13.47,8635.87,3822
REA-0659,Reagents Product 659,reagents,Merck,1.57,84.79,3822
CON-0660,Consumables Product 660,consumables,Merck,0.85,141.67,9027
CHE-0661,Chemicals Product 661,chemicals,Merck,2.44,452.33,7020
LAB-0662,Lab_Equipment Product 662,lab_equipment,Sigma-Aldrich,15.33,380.29,9027
LAB-0663,Lab_Equipment Product 663,lab_equipment,Bio-Rad,3.22,259.75,9027
INS-0664,Instruments Product 664,instruments,Bio-Rad,13.07,20564.15,3926
LAB-0665,Lab_Equipment Product 665,lab_equipment,Merck,13.25,569.75,3926
REA-0666,Reagents Product 666,reagents,Merck,1.02,163.49,7020
CHE-0667,Chemicals Product 667,chemicals,ThermoFisher,0.59,461.7,3822
INS-0668,Instruments Product 668,instruments,Agilent,30.35,22357.1,3822
REA-0669,Reagents Product 669,reagents,ThermoFisher,0.88,138.66,7020
LAB-0670,Lab_Equipment Product 670,lab_equipment,Bio-Rad,16.5,546.85,7020
CON-0671,Consumables Product 671,consumables,ThermoFisher,0.74,127.33,7020
LAB-0672,Lab_Equipment Product 672,lab_equipment,Sigma-Aldrich,7.01,754.74,3926
CON-0673,Consumables Product 673,consumables,Merck,0.46,73.08,9027
REA-0674,Reagents Product 674,reagents,Agilent,0.48,402.43,3822
INS-0675,Instruments Product 675,instruments,Sigma-Aldrich,35.51,3428.43,3926
REA-0676,Reagents Product 676,reagents,Merck,0.37,367.65,3926
INS-0677,Instruments Product 677,instruments,Bio-Rad,15.49,10591.08,3926
INS-0678,Instruments Product 678,instruments,Sigma-Aldrich,39.92,10850.01,7020
LAB-0679,Lab_Equipment Product 679,lab_equipment,Bio-Rad,11.56,890.9,9027
CHE-0680,Chemicals Product 680,chemicals,ThermoFisher,4.33,512.01,3822
CON-0681,Consumables Product 681,consumables,Sigma-Aldrich,0.77,185.89,9027
REA-0682,Reagents Product 682,reagents,Sigma-Aldrich,1.13,278.72,7020
CHE-0683,Chemicals Product 683,chemicals,Bio-Rad,1.17,435.92,3822
LAB-0684,Lab_Equipment Product 684,lab_equipment,Agilent,4.7,1133.38,3822
LAB-0685,Lab_Equipment Product 685,lab_equipment,Sigma-Aldrich,2.7,272.44,3926
REA-0686,Reagents Product 686,reagents,Agilent,1.07,225.88,3822
INS-0687,Instruments Product 687,instruments,Bio-Rad,18.06,6100.68,3926
CHE-0688,Chemicals Product 688,chemicals,Merck,2.98,99.01,3822
CON-0689,Consumables Product 689,consumables,Agilent,0.35,52.23,7020
CON-0690,Consumables Product 690,consumables,Sigma-Aldrich,0.33,196.37,7020
CHE-0691,Chemicals Product 691,chemicals,Merck,3.5,503.87,9027
CON-0692,Consumables Product 692,consumables,Agilent,0.47,168.86,3926
LAB-0693,Lab_Equipment Product 693,lab_equipment,ThermoFisher,17.23,1264.41,7020
CHE-0694,Chemicals Product 694,chemicals,ThermoFisher,3.13,729.17,3822
CON-0695,Consumables Product 695,consumables,Merck,0.92,112.73,7020
CHE-0696,Chemicals Product 696,chemicals,Agilent,0.71,658.58,3822
REA-0697,Reagents Product 697,reagents,Sigma-Aldrich,1.64,448.92,3822
CON-0698,Consumables Product 698,consumables,Merck,0.33,86.36,7020
CON-0699,Consumables Product 699,consumables,Sigma-Aldrich,0.54,13.67,3926
CON-0700,Consumables Product 700,consumables,Sigma-Aldrich,0.89,156.95,9027
CON-0701,Consumables Product 701,consumables,Agilent,0.27,24.5,9027
INS-0702,Instruments Product 702,instruments,Bio-Rad,40.84,9858.95,7020
INS-0703,Instruments Product 703,instruments,Merck,24.49,4280.61,7020
LAB-0704,Lab_Equipment Product 704,lab_equipment,ThermoFisher,11.2,583.39,3926
CON-0705,Consumables Product 705,consumables,ThermoFisher,0.37,198.89,7020
REA-0706,Reagents Product 706,reagents,Sigma-Aldrich,1.42,201.42,3822
REA-0707,Reagents Product 707,reagents,ThermoFisher,0.21,460.42,9027
CON-0708,Consumables Product 708,consumables,Bio-Rad,0.72,92.42,9027
CHE-0709,Chemicals Product 709,chemicals,ThermoFisher,0.63,388.61,9027
LAB-0710,Lab_Equipment Product 710,lab_equipment,Merck,15.91,1969.2,7020
INS-0711,Instruments Product 711,instruments,Agilent,43.85,23785.19,3822
INS-0712,Instruments Product 712,instruments,Bio-Rad,17.59,24453.7,7020
CHE-0713,Chemicals Product 713,chemicals,ThermoFisher,1.81,63.92,3926
CON-0714,Consumables Product 714,consumables,Merck,0.52,192.52,3926
CHE-0715,Chemicals Product 715,chemicals,ThermoFisher,1.29,43.58,7020
INS-0716,Instruments Product 716,instruments,Agilent,16.86,4525.77,9027
REA-0717,Reagents Product 717,reagents,Bio-Rad,0.39,95.8,3822
INS-0718,Instruments Product 718,instruments,ThermoFisher,35.04,23797.4,3926
REA-0719,Reagents Product 719,reagents,Bio-Rad,1.12,106.05,9027
INS-0720,Instruments Product 720,instruments,ThermoFisher,47.15,12787.76,3926
LAB-0721,Lab_Equipment Product 721,lab_equipment,Agilent,4.28,786.74,7020
REA-0722,Reagents Product 722,reagents,Sigma-Aldrich,1.9,234.79,3926
CHE-0723,Chemicals Product 723,chemicals,ThermoFisher,2.57,96.78,7020
LAB-0724,Lab_Equipment Product 724,lab_equipment,Agilent,11.05,1431.21,9027
CON-0725,Consumables Product 725,consumables,Bio-Rad,0.17,41.0,3822
CON-0726,Consumables Product 726,consumables,Agilent,0.2,168.03,3822
CHE-0727,Chemicals Product 727,chemicals,Merck,2.23,338.2,3822
CON-0728,Consumables Product 728,consumables,Merck,0.81,60.9,3926
CHE-0729,Chemicals Product 729,chemicals,ThermoFisher,1.91,487.32,7020
INS-0730,Instruments Product 730,instruments,Agilent,28.05,23739.99,7020
REA-0731,Reagents Product 731,reagents,Bio-Rad,0.4,75.46,3926
CHE-0732,Chemicals Product 732,chemicals,Bio-Rad,3.56,35.11,9027
LAB-0733,Lab_Equipment Product 733,lab_equipment,Bio-Rad,7.1,258.18,9027
LAB-0734,Lab_Equipment Product 734,lab_equipment,ThermoFisher,9.54,1142.21,7020
CON-0735,Consumables Product 735,consumables,ThermoFisher,0.66,13.14,9027
REA-0736,Reagents Product 736,reagents,Sigma-Aldrich,1.08,281.42,3822
CHE-0737,Chemicals Product 737,chemicals,Sigma-Aldrich,2.18,584.85,3822
REA-0738,Reagents Product 738,reagents,ThermoFisher,0.35,125.32,3822
CON-0739,Consumables Product 739,consumables,Agilent,0.45,112.58,7020
REA-0740,Reagents Product 740,reagents,ThermoFisher,1.07,202.36,9027
CHE-0741,Chemicals Product 741,chemicals,Sigma-Aldrich,0.97,390.39,7020
REA-0742,Reagents Product 742,reagents,Agilent,1.76,494.02,9027
LAB-0743,Lab_Equipment Product 743,lab_equipment,Agilent,3.44,1626.1,7020
CHE-0744,Chemicals Product 744,chemicals,Merck,1.45,674.06,3822
CHE-0745,Chemicals Product 745,chemicals,Merck,4.73,677.94,3926
CHE-0746,Chemicals Product 746,chemicals,Agilent,0.7,259.2,3926
CHE-0747,Chemicals Product 747,chemicals,ThermoFisher,0.85,257.68,9027
INS-0748,Instruments Product 748,instruments,Sigma-Aldrich,11.31,19050.34,7020
CON-0749,Consumables Product 749,consumables,Bio-Rad,0.88,25.93,9027
REA-0750,Reagents Product 750,reagents,Sigma-Aldrich,1.95,73.28,3822
CON-0751,Consumables Product 751,consumables,Bio-Rad,0.36,173.04,3926
CON-0752,Consumables Product 752,consumables,Bio-Rad,0.37,39.17,7020
CHE-0753,Chemicals Product 753,chemicals,Agilent,3.65,335.64,9027
CHE-0754,Chemicals Product 754,chemicals,Agilent,1.77,385.11,7020
LAB-0755,Lab_Equipment Product 755,lab_equipment,Merck,11.42,624.06,3822
INS-0756,Instruments Product 756,instruments,Agilent,28.88,13959.73,7020
REA-0757,Reagents Product 757,reagents,Merck,1.7,261.9,3822
INS-0758,Instruments Product 758,instruments,Agilent,20.56,24853.4,3822
INS-0759,Instruments Product 759,instruments,Merck,49.24,2700.73,7020
LAB-0760,Lab_Equipment Product 760,lab_equipment,Bio-Rad,7.22,1683.16,3926
CON-0761,Consumables Product 761,consumables,Merck,0.8,116.65,3926
INS-0762,Instruments Product 762,instruments,Merck,20.42,12818.43,7020
REA-0763,Reagents Product 763,reagents,Agilent,1.31,111.35,9027
LAB-0764,Lab_Equipment Product 764,lab_equipment,ThermoFisher,5.41,681.44,3926
INS-0765,Instruments Product 765,instruments,Bio-Rad,40.95,14826.3,7020
CHE-0766,Chemicals Product 766,chemicals,Bio-Rad,3.24,666.51,3926
CON-0767,Consumables Product 767,consumables,Merck,0.17,164.24,3926
REA-0768,Reagents Product 768,reagents,ThermoFisher,1.52,302.42,7020
REA-0769,Reagents Product 769,reagents,Bio-Rad,0.54,91.77,3822
INS-0770,Instruments Product 770,instruments,Sigma-Aldrich,39.37,22462.28,9027
CON-0771,Consumables Product 771,consumables,Merck,0.86,61.44,9027
INS-0772,Instruments Product 772,instruments,ThermoFisher,38.05,3771.62,7020
REA-0773,Reagents Product 773,reagents,ThermoFisher,0.39,99.28,7020
CON-0774,Consumables Product 774,consumables,Agilent,0.06,68.18,3926
INS-0775,Instruments Product 775,instruments,Agilent,39.46,24091.52,3926
INS-0776,Instruments Product 776,instruments,ThermoFisher,19.94,8209.91,7020
LAB-0777,Lab_Equipment Product 777,lab_equipment,ThermoFisher,5.63,1384.53,3926
LAB-0778,Lab_Equipment Product 778,lab_equipment,Merck,10.68,1853.14,3822
LAB-0779,Lab_Equipment Product 779,lab_equipment,Merck,10.59,1466.34,9027
LAB-0780,Lab_Equipment Product 780,lab_equipment,Bio-Rad,18.91,1838.19,9027
LAB-0781,Lab_Equipment Product 781,lab_equipment,Agilent,5.36,707.31,3926
INS-0782,Instruments Product 782,instruments,Merck,26.62,16650.1,3926
LAB-0783,Lab_Equipment Product 783,lab_equipment,Bio-Rad,12.29,1605.02,3926
CHE-0784,Chemicals Product 784,chemicals,Sigma-Aldrich,1.68,699.55,9027
REA-0785,Reagents Product 785,reagents,Bio-Rad,1.23,256.73,9027
INS-0786,Instruments Product 786,instruments,Bio-Rad,32.54,22943.68,3822
REA-0787,Reagents Product 787,reagents,Merck,1.38,155.79,3822
INS-0788,Instruments Product 788,instruments,Merck,30.54,13384.83,9027
INS-0789,Instruments Product 789,instruments,ThermoFisher,15.03,20242.93,3926
CON-0790,Consumables Product 790,consumables,Sigma-Aldrich,0.4,109.14,3822
LAB-0791,Lab_Equipment Product 791,lab_equipment,Merck,14.89,1852.25,9027
LAB-0792,Lab_Equipment Product 792,lab_equipment,Sigma-Aldrich,5.75,1939.92,9027
REA-0793,Reagents Product 793,reagents,Sigma-Aldrich,0.2,122.12,3926
CHE-0794,Chemicals Product 794,chemicals,Bio-Rad,2.28,506.12,3822
LAB-0795,Lab_Equipment Product 795,lab_equipment,Agilent,15.72,1027.45,3822
CHE-0796,Chemicals Product 796,chemicals,Bio-Rad,1.29,590.95,3926
REA-0797,Reagents Product 797,reagents,ThermoFisher,0.99,401.2,3926
INS-0798,Instruments Product 798,instruments,Agilent,18.18,5713.71,3926
CON-0799,Consumables Product 799,consumables,Sigma-Aldrich,0.37,192.57,3926
CON-0800,Consumables Product 800,consumables,Agilent,0.18,56.62,9027
CHE-0801,Chemicals Product 801,chemicals,Agilent,3.04,470.19,3822
CON-0802,Consumables Product 802,consumables,Agilent,0.72,159.85,3926
INS-0803,Instruments Product 803,instruments,Sigma-Aldrich,46.9,11338.61,9027
LAB-0804,Lab_Equipment Product 804,lab_equipment,ThermoFisher,4.59,1013.73,3822
INS-0805,Instruments Product 805,instruments,Merck,36.05,12238.68,7020
LAB-0806,Lab_Equipment Product 806,lab_equipment,Merck,16.49,1987.43,9027
INS-0807,Instruments Product 807,instruments,ThermoFisher,24.66,17791.64,9027
CHE-0808,Chemicals Product 808,chemicals,Bio-Rad,2.42,475.13,3822
CON-0809,Consumables Product 809,consumables,Agilent,0.48,38.09,3926
REA-0810,Reagents Product 810,reagents,Sigma-Aldrich,1.13,59.15,7020
CON-0811,Consumables Product 811,consumables,Bio-Rad,0.75,93.13,3822
INS-0812,Instruments Product 812,instruments,Sigma-Aldrich,36.14,8530.4,3822
INS-0813,Instruments Product 813,instruments,ThermoFisher,44.32,8553.37,9027
CHE-0814,Chemicals Product 814,chemicals,Merck,4.78,194.15,7020
LAB-0815,Lab_Equipment Product 815,lab_equipment,Merck,7.19,859.59,7020
LAB-0816,Lab_Equipment Product 816,lab_equipment,Merck,2.52,957.65,7020
CON-0817,Consumables Product 817,consumables,Sigma-Aldrich,0.61,192.71,3822
CHE-0818,Chemicals Product 818,chemicals,Agilent,4.65,452.83,3822
REA-0819,Reagents Product 819,reagents,Agilent,1.61,290.3,3926
CON-0820,Consumables Product 820,consumables,Merck,0.27,28.3,7020
CON-0821,Consumables Product 821,consumables,Merck,0.29,137.68,9027
LAB-0822,Lab_Equipment Product 822,lab_equipment,Agilent,3.4,302.42,9027
CON-0823,Consumables Product 823,consumables,Agilent,0.27,81.89,7020
INS-0824,Instruments Product 824,instruments,Bio-Rad,34.46,8795.78,7020
LAB-0825,Lab_Equipment Product 825,lab_equipment,Merck,12.66,585.98,3926
INS-0826,Instruments Product 826,instruments,Merck,21.81,3123.41,3822
LAB-0827,Lab_Equipment Product 827,lab_equipment,ThermoFisher,2.86,1550.9,3822
LAB-0828,Lab_Equipment Product 828,lab_equipment,Agilent,9.53,1171.09,7020
CHE-0829,Chemicals Product 829,chemicals,Merck,4.83,589.16,9027
LAB-0830,Lab_Equipment Product 830,lab_equipment,ThermoFisher,14.8,1650.94,7020
LAB-0831,Lab_Equipment Product 831,lab_equipment,Agilent,8.99,1697.77,3822
REA-0832,Reagents Product 832,reagents,Bio-Rad,1.5,297.37,7020
REA-0833,Reagents Product 833,reagents,Sigma-Aldrich,0.92,201.9,9027
LAB-0834,Lab_Equipment Product 834,lab_equipment,Agilent,13.0,1313.79,9027
INS-0835,Instruments Product 835,instruments,Bio-Rad,46.9,18983.42,9027
REA-0836,Reagents Product 836,reagents,Merck,1.93,208.88,3822
LAB-0837,Lab_Equipment Product 837,lab_equipment,Bio-Rad,12.22,945.36,3822
INS-0838,Instruments Product 838,instruments,Agilent,42.65,5484.37,7020
CHE-0839,Chemicals Product 839,chemicals,Agilent,3.19,85.69,7020
CHE-0840,Chemicals Product 840,chemicals,Sigma-Aldrich,2.84,664.71,9027
REA-0841,Reagents Product 841,reagents,Merck,1.85,419.14,7020
REA-0842,Reagents Product 842,reagents,Sigma-Aldrich,1.71,379.79,3822
CON-0843,Consumables Product 843,consumables,ThermoFisher,0.26,162.71,9027
INS-0844,Instruments Product 844,instruments,Bio-Rad,29.96,15589.01,3822
INS-0845,Instruments Product 845,instruments,Agilent,44.73,16549.38,7020
REA-0846,Reagents Product 846,reagents,Bio-Rad,1.04,80.81,9027
REA-0847,Reagents Product 847,reagents,Sigma-Aldrich,0.33,186.6,7020
INS-0848,Instruments Product 848,instruments,ThermoFisher,45.47,18220.39,3822
INS-0849,Instruments Product 849,instruments,Sigma-Aldrich,12.11,4702.12,7020
REA-0850,Reagents Product 850,reagents,Merck,1.16,93.32,7020
REA-0851,Reagents Product 851,reagents,Agilent,0.14,111.4,7020
LAB-0852,Lab_Equipment Product 852,lab_equipment,Agilent,3.63,891.47,7020
REA-0853,Reagents Product 853,reagents,Bio-Rad,1.59,299.04,3822
CHE-0854,Chemicals Product 854,chemicals,Merck,0.99,660.78,3926
REA-0855,Reagents Product 855,reagents,Merck,0.36,207.58,9027
LAB-0856,Lab_Equipment Product 856,lab_equipment,Bio-Rad,3.44,1067.71,3822
REA-0857,Reagents Product 857,reagents,Bio-Rad,0.32,241.68,3926
LAB-0858,Lab_Equipment Product 858,lab_equipment,Sigma-Aldrich,11.4,1728.07,3822
REA-0859,Reagents Product 859,reagents,Agilent,0.31,162.41,7020
LAB-0860,Lab_Equipment Product 860,lab_equipment,Sigma-Aldrich,5.99,1212.99,9027
LAB-0861,Lab_Equipment Product 861,lab_equipment,Bio-Rad,2.72,1237.11,7020
INS-0862,Instruments Product 862,instruments,Merck,24.24,19390.06,3822
CHE-0863,Chemicals Product 863,chemicals,ThermoFisher,1.15,758.63,7020
INS-0864,Instruments Product 864,instruments,Sigma-Aldrich,27.41,16045.4,7020
LAB-0865,Lab_Equipment Product 865,lab_equipment,Bio-Rad,3.09,518.85,3926
REA-0866,Reagents Product 866,reagents,Bio-Rad,0.45,298.44,3926
CON-0867,Consumables Product 867,consumables,Agilent,0.91,96.73,3822
CHE-0868,Chemicals Product 868,chemicals,Merck,1.55,657.16,3822
INS-0869,Instruments Product 869,instruments,Bio-Rad,21.28,4812.22,7020
INS-0870,Instruments Product 870,instruments,Bio-Rad,21.97,14919.81,3822
INS-0871,Instruments Product 871,instruments,Bio-Rad,23.37,1999.12,9027
CON-0872,Consumables Product 872,consumables,Agilent,0.16,186.92,3822
REA-0873,Reagents Product 873,reagents,Agilent,1.52,180.22,7020
INS-0874,Instruments Product 874,instruments,Sigma-Aldrich,21.67,16454.23,3926
CON-0875,Consumables Product 875,consumables,Sigma-Aldrich,0.58,54.91,7020
CON-0876,Consumables Product 876,consumables,ThermoFisher,0.26,52.36,9027
CON-0877,Consumables Product 877,consumables,Merck,0.25,39.97,3822
REA-0878,Reagents Product 878,reagents,Sigma-Aldrich,0.26,477.13,7020
CHE-0879,Chemicals Product 879,chemicals,Sigma-Aldrich,4.46,403.17,9027
LAB-0880,Lab_Equipment Product 880,lab_equipment,Merck,7.6,1014.06,3926
REA-0881,Reagents Product 881,reagents,Agilent,1.67,328.59,9027
CON-0882,Consumables Product 882,consumables,Agilent,0.98,164.55,3926
LAB-0883,Lab_Equipment Product 883,lab_equipment,ThermoFisher,5.04,870.78,3822
CHE-0884,Chemicals Product 884,chemicals,Agilent,2.95,115.71,3926
REA-0885,Reagents Product 885,reagents,Merck,0.96,408.62,9027
CON-0886,Consumables Product 886,consumables,Sigma-Aldrich,0.17,172.5,3822
LAB-0887,Lab_Equipment Product 887,lab_equipment,Agilent,3.22,1389.49,9027
CON-0888,Consumables Product 888,consumables,Merck,0.6,74.58,3822
CHE-0889,Chemicals Product 889,chemicals,Merck,0.62,72.08,3822
CHE-0890,Chemicals Product 890,chemicals,Bio-Rad,1.28,203.43,7020
REA-0891,Reagents Product 891,reagents,Bio-Rad,1.4,59.29,7020
REA-0892,Reagents Product 892,reagents,Bio-Rad,1.63,221.05,9027
REA-0893,Reagents Product 893,reagents,Agilent,1.14,314.63,3822
LAB-0894,Lab_Equipment Product 894,lab_equipment,ThermoFisher,16.26,1381.74,9027
CON-0895,Consumables Product 895,consumables,ThermoFisher,0.51,59.62,3926
REA-0896,Reagents Product 896,reagents,Merck,0.8,174.78,7020
LAB-0897,Lab_Equipment Product 897,lab_equipment,Merck,17.81,1559.38,3822
CHE-0898,Chemicals Product 898,chemicals,ThermoFisher,1.1,567.19,3822
INS-0899,Instruments Product 899,instruments,ThermoFisher,42.77,6267.09,3822
CON-0900,Consumables Product 900,consumables,Bio-Rad,0.37,22.36,3926
LAB-0901,Lab_Equipment Product 901,lab_equipment,Merck,2.14,1422.35,7020
CON-0902,Consumables Product 902,consumables,Bio-Rad,0.44,102.0,3926
INS-0903,Instruments Product 903,instruments,Merck,33.8,8350.87,3822
LAB-0904,Lab_Equipment Product 904,lab_equipment,ThermoFisher,7.28,684.8,3926
INS-0905,Instruments Product 905,instruments,Sigma-Aldrich,30.71,3567.18,9027
CHE-0906,Chemicals Product 906,chemicals,ThermoFisher,2.88,332.37,9027
REA-0907,Reagents Product 907,reagents,Bio-Rad,1.88,347.67,7020
LAB-0908,Lab_Equipment Product 908,lab_equipment,Bio-Rad,13.28,1983.42,9027
REA-0909,Reagents Product 909,reagents,Bio-Rad,0.43,92.16,3926
CHE-0910,Chemicals Product 910,chemicals,ThermoFisher,4.44,247.64,3822
INS-0911,Instruments Product 911,instruments,Merck,26.11,21537.92,9027
INS-0912,Instruments Product 912,instruments,Merck,13.63,17090.04,7020
CHE-0913,Chemicals Product 913,chemicals,Agilent,3.91,417.94,3926
CON-0914,Consumables Product 914,consumables,Agilent,0.85,87.63,7020
LAB-0915,Lab_Equipment Product 915,lab_equipment,Merck,18.16,1631.09,3822
REA-0916,Reagents Product 916,reagents,Agilent,0.69,231.47,3822
REA-0917,Reagents Product 917,reagents,Agilent,1.15,352.24,3926
LAB-0918,Lab_Equipment Product 918,lab_equipment,Agilent,8.34,1920.1,9027
CON-0919,Consumables Product 919,consumables,Bio-Rad,0.49,66.02,9027
REA-0920,Reagents Product 920,reagents,ThermoFisher,1.16,273.52,3926
CHE-0921,Chemicals Product 921,chemicals,Agilent,4.42,582.55,3926
CHE-0922,Chemicals Product 922,chemicals,Agilent,2.08,472.88,9027
CON-0923,Consumables Product 923,consumables,Bio-Rad,0.26,128.37,3926
INS-0924,Instruments Product 924,instruments,ThermoFisher,30.47,6835.9,7020
CHE-0925,Chemicals Product 925,chemicals,Sigma-Aldrich,1.38,64.62,3822
CON-0926,Consumables Product 926,consumables,Sigma-Aldrich,0.06,113.76,9027
CON-0927,Consumables Product 927,consumables,Bio-Rad,0.81,31.35,3822
INS-0928,Instruments Product 928,instruments,ThermoFisher,32.44,10398.33,9027
LAB-0929,Lab_Equipment Product 929,lab_equipment,Agilent,4.98,1082.96,9027
INS-0930,Instruments Product 930,instruments,Bio-Rad,41.79,6280.44,7020
REA-0931,Reagents Product 931,reagents,Agilent,1.08,299.42,3926
CON-0932,Consumables Product 932,consumables,Bio-Rad,0.46,83.92,7020
INS-0933,Instruments Product 933,instruments,Agilent,15.92,9477.16,7020
REA-0934,Reagents Product 934,reagents,Agilent,0.52,430.48,9027
CON-0935,Consumables Product 935,consumables,Bio-Rad,0.51,17.97,3822
INS-0936,Instruments Product 936,instruments,Merck,32.21,16244.74,9027
REA-0937,Reagents Product 937,reagents,Merck,1.64,490.33,3822
CON-0938,Consumables Product 938,consumables,ThermoFisher,0.32,14.73,3822
CON-0939,Consumables Product 939,consumables,ThermoFisher,0.59,169.0,9027
REA-0940,Reagents Product 940,reagents,Bio-Rad,1.63,201.48,7020
CON-0941,Consumables Product 941,consumables,Agilent,0.7,196.32,3926
CON-0942,Consumables Product 942,consumables,Sigma-Aldrich,0.62,188.07,9027
LAB-0943,Lab_Equipment Product 943,lab_equipment,Bio-Rad,18.25,790.33,3926
INS-0944,Instruments Product 944,instruments,ThermoFisher,46.46,2677.18,3822
LAB-0945,Lab_Equipment Product 945,lab_equipment,Sigma-Aldrich,3.38,788.78,9027
LAB-0946,Lab_Equipment Product 946,lab_equipment,Agilent,17.03,1667.06,9027
CON-0947,Consumables Product 947,consumables,Agilent,0.53,112.48,9027
LAB-0948,Lab_Equipment Product 948,lab_equipment,ThermoFisher,2.07,1422.45,9027
LAB-0949,Lab_Equipment Product 949,lab_equipment,Bio-Rad,19.15,383.9,9027
LAB-0950,Lab_Equipment Product 950,lab_equipment,Agilent,3.49,844.5,3822
LAB-0951,Lab_Equipment Product 951,lab_equipment,Agilent,7.1,1234.86,7020
CHE-0952,Chemicals Product 952,chemicals,Bio-Rad,4.45,687.0,9027
LAB-0953,Lab_Equipment Product 953,lab_equipment,Sigma-Aldrich,12.89,1743.9,3822
CON-0954,Consumables Product 954,consumables,Bio-Rad,0.87,114.68,7020
CON-0955,Consumables Product 955,consumables,ThermoFisher,0.06,94.57,9027
REA-0956,Reagents Product 956,reagents,Merck,1.2,321.56,3822
LAB-0957,Lab_Equipment Product 957,lab_equipment,Merck,8.01,1650.48,7020
LAB-0958,Lab_Equipment Product 958,lab_equipment,Merck,18.86,849.99,7020
INS-0959,Instruments Product 959,instruments,ThermoFisher,29.19,6918.6,9027
CHE-0960,Chemicals Product 960,chemicals,Sigma-Aldrich,3.76,485.27,3822
CON-0961,Consumables Product 961,consumables,Sigma-Aldrich,0.17,188.23,3822
CON-0962,Consumables Product 962,consumables,Sigma-Aldrich,0.79,165.18,3822
INS-0963,Instruments Product 963,instruments,Merck,15.84,22138.85,3822
CON-0964,Consumables Product 964,consumables,ThermoFisher,0.79,127.52,7020
REA-0965,Reagents Product 965,reagents,Agilent,0.84,376.38,9027
REA-0966,Reagents Product 966,reagents,Agilent,1.47,309.24,7020
INS-0967,Instruments Product 967,instruments,ThermoFisher,45.87,1414.67,3926
CON-0968,Consumables Product 968,consumables,Bio-Rad,0.87,123.94,9027
LAB-0969,Lab_Equipment Product 969,lab_equipment,Bio-Rad,10.52,422.1,3926
LAB-0970,Lab_Equipment Product 970,lab_equipment,ThermoFisher,11.52,226.37,3926
CON-0971,Consumables Product 971,consumables,Merck,0.44,36.64,3926
REA-0972,Reagents Product 972,reagents,ThermoFisher,0.9,493.61,9027
LAB-0973,Lab_Equipment Product 973,lab_equipment,Agilent,7.68,529.07,3822
LAB-0974,Lab_Equipment Product 974,lab_equipment,Agilent,7.18,1479.12,7020
CHE-0975,Chemicals Product 975,chemicals,Agilent,1.18,82.7,3822
LAB-0976,Lab_Equipment Product 976,lab_equipment,Merck,11.76,1774.34,3926
LAB-0977,Lab_Equipment Product 977,lab_equipment,Agilent,17.78,606.5,7020
REA-0978,Reagents Product 978,reagents,Sigma-Aldrich,0.39,93.61,9027
CON-0979,Consumables Product 979,consumables,Agilent,0.34,127.62,7020
INS-0980,Instruments Product 980,instruments,Sigma-Aldrich,31.32,9490.99,3822
REA-0981,Reagents Product 981,reagents,Agilent,0.32,366.94,3822
CHE-0982,Chemicals Product 982,chemicals,Agilent,2.81,782.93,9027
CHE-0983,Chemicals Product 983,chemicals,Sigma-Aldrich,2.87,135.5,9027
CHE-0984,Chemicals Product 984,chemicals,Agilent,0.52,195.55,7020
LAB-0985,Lab_Equipment Product 985,lab_equipment,Bio-Rad,8.34,1375.21,7020
CON-0986,Consumables Product 986,consumables,Bio-Rad,0.87,130.07,3822
LAB-0987,Lab_Equipment Product 987,lab_equipment,Agilent,2.77,1394.25,7020
INS-0988,Instruments Product 988,instruments,Agilent,10.09,17500.54,3926
CHE-0989,Chemicals Product 989,chemicals,Merck,1.77,338.63,3822
LAB-0990,Lab_Equipment Product 990,lab_equipment,Merck,9.43,572.37,3926
CHE-0991,Chemicals Product 991,chemicals,Bio-Rad,1.5,371.17,3822
CON-0992,Consumables Product 992,consumables,Agilent,0.47,166.88,7020
CON-0993,Consumables Product 993,consumables,Agilent,0.97,143.02,7020
REA-0994,Reagents Product 994,reagents,Bio-Rad,0.18,166.12,3822
LAB-0995,Lab_Equipment Product 995,lab_equipment,Bio-Rad,19.46,1030.11,3822
LAB-0996,Lab_Equipment Product 996,lab_equipment,Merck,19.22,858.91,3926
LAB-0997,Lab_Equipment Product 997,lab_equipment,ThermoFisher,8.38,1894.45,3822
INS-0998,Instruments Product 998,instruments,Agilent,49.54,11138.47,9027
CHE-0999,Chemicals Product 999,chemicals,Agilent,4.69,777.49,7020
